,date,index
0,2011-01-03,68.0
1,2011-01-04,68.0
2,2011-01-05,67.0
3,2011-01-06,64.0
4,2011-01-07,63.0
5,2011-01-10,58.0
6,2011-01-11,58.0
7,2011-01-12,58.0
8,2011-01-13,58.0
9,2011-01-14,60.0
10,2011-01-18,56.0
11,2011-01-19,55.0
12,2011-01-20,54.0
13,2011-01-21,47.0
14,2011-01-24,45.0
15,2011-01-25,43.0
16,2011-01-26,43.0
17,2011-01-27,43.0
18,2011-01-28,43.0
19,2011-01-31,41.0
20,2011-02-01,41.0
21,2011-02-02,46.0
22,2011-02-03,47.0
23,2011-02-04,49.0
24,2011-02-07,56.0
25,2011-02-08,56.0
26,2011-02-09,56.0
27,2011-02-10,56.0
28,2011-02-11,56.0
29,2011-02-14,61.0
30,2011-02-15,61.0
31,2011-02-16,61.0
32,2011-02-17,61.0
33,2011-02-18,56.0
34,2011-02-22,42.0
35,2011-02-23,42.0
36,2011-02-24,42.0
37,2011-02-25,42.0
38,2011-02-28,43.0
39,2011-03-01,43.0
40,2011-03-02,42.0
41,2011-03-03,41.0
42,2011-03-04,39.0
43,2011-03-07,35.0
44,2011-03-08,27.0
45,2011-03-09,26.0
46,2011-03-10,26.0
47,2011-03-11,26.0
48,2011-03-14,13.0
49,2011-03-15,13.0
50,2011-03-16,11.0
51,2011-03-17,9.0
52,2011-03-18,9.0
53,2011-03-21,14.0
54,2011-03-22,15.0
55,2011-03-23,16.0
56,2011-03-24,16.0
57,2011-03-25,19.0
58,2011-03-28,23.0
59,2011-03-29,23.0
60,2011-03-30,24.0
61,2011-03-31,24.0
62,2011-04-01,27.0
63,2011-04-04,31.0
64,2011-04-05,35.0
65,2011-04-06,37.0
66,2011-04-07,37.0
67,2011-04-08,37.0
68,2011-04-11,34.0
69,2011-04-12,33.0
70,2011-04-13,33.0
71,2011-04-14,30.0
72,2011-04-15,28.0
73,2011-04-18,24.0
74,2011-04-19,24.0
75,2011-04-20,25.0
76,2011-04-21,30.0
77,2011-04-25,35.0
78,2011-04-26,36.0
79,2011-04-27,37.0
80,2011-04-28,37.0
81,2011-04-29,41.0
82,2011-05-02,36.0
83,2011-05-03,31.0
84,2011-05-04,30.0
85,2011-05-05,29.0
86,2011-05-06,27.0
87,2011-05-09,28.0
88,2011-05-10,31.0
89,2011-05-11,31.0
90,2011-05-12,32.0
91,2011-05-13,32.0
92,2011-05-16,27.0
93,2011-05-17,27.0
94,2011-05-18,25.0
95,2011-05-19,23.0
96,2011-05-20,22.0
97,2011-05-23,16.0
98,2011-05-24,13.0
99,2011-05-25,13.0
100,2011-05-26,15.0
101,2011-05-27,16.0
102,2011-05-31,16.0
103,2011-06-01,15.0
104,2011-06-02,12.0
105,2011-06-03,9.0
106,2011-06-06,6.0
107,2011-06-07,6.0
108,2011-06-08,6.0
109,2011-06-09,6.0
110,2011-06-10,5.0
111,2011-06-13,6.0
112,2011-06-14,5.0
113,2011-06-15,5.0
114,2011-06-16,6.0
115,2011-06-17,7.0
116,2011-06-20,9.0
117,2011-06-21,9.0
118,2011-06-22,10.0
119,2011-06-23,10.0
120,2011-06-24,11.0
121,2011-06-27,25.0
122,2011-06-28,29.0
123,2011-06-29,30.0
124,2011-06-30,32.0
125,2011-07-01,34.0
126,2011-07-05,51.0
127,2011-07-06,52.0
128,2011-07-07,48.0
129,2011-07-08,43.0
130,2011-07-11,35.0
131,2011-07-12,31.0
132,2011-07-13,31.0
133,2011-07-14,31.0
134,2011-07-15,32.0
135,2011-07-18,44.0
136,2011-07-19,44.0
137,2011-07-20,47.0
138,2011-07-21,48.0
139,2011-07-22,51.0
140,2011-07-25,38.0
141,2011-07-26,35.0
142,2011-07-27,27.0
143,2011-07-28,27.0
144,2011-07-29,16.0
145,2011-08-01,10.0
146,2011-08-02,8.0
147,2011-08-03,2.0
148,2011-08-04,5.0
149,2011-08-05,5.0
150,2011-08-08,1.0
151,2011-08-09,2.0
152,2011-08-10,2.0
153,2011-08-11,3.0
154,2011-08-12,6.0
155,2011-08-15,7.0
156,2011-08-16,11.0
157,2011-08-17,7.0
158,2011-08-18,7.0
159,2011-08-19,6.0
160,2011-08-22,7.0
161,2011-08-23,9.0
162,2011-08-24,8.0
163,2011-08-25,11.0
164,2011-08-26,12.0
165,2011-08-29,22.0
166,2011-08-30,22.0
167,2011-08-31,28.0
168,2011-09-01,26.0
169,2011-09-02,26.0
170,2011-09-06,27.0
171,2011-09-07,28.0
172,2011-09-08,25.0
173,2011-09-09,25.0
174,2011-09-12,31.0
175,2011-09-13,31.0
176,2011-09-14,31.0
177,2011-09-15,33.0
178,2011-09-16,38.0
179,2011-09-19,39.0
180,2011-09-20,32.0
181,2011-09-21,31.0
182,2011-09-22,28.0
183,2011-09-23,28.0
184,2011-09-26,26.0
185,2011-09-27,25.0
186,2011-09-28,27.0
187,2011-09-29,23.0
188,2011-09-30,22.0
189,2011-10-03,20.0
190,2011-10-04,23.0
191,2011-10-05,27.0
192,2011-10-06,33.0
193,2011-10-07,31.0
194,2011-10-10,41.0
195,2011-10-11,41.0
196,2011-10-12,42.0
197,2011-10-13,42.0
198,2011-10-14,41.0
199,2011-10-17,48.0
200,2011-10-18,48.0
201,2011-10-19,48.0
202,2011-10-20,54.0
203,2011-10-21,66.0
204,2011-10-24,62.0
205,2011-10-25,62.0
206,2011-10-26,71.0
207,2011-10-27,67.0
208,2011-10-28,66.0
209,2011-10-31,62.0
210,2011-11-01,62.0
211,2011-11-02,62.0
212,2011-11-03,63.0
213,2011-11-04,60.0
214,2011-11-07,65.0
215,2011-11-08,65.0
216,2011-11-09,59.0
217,2011-11-10,60.0
218,2011-11-11,60.0
219,2011-11-14,54.0
220,2011-11-15,54.0
221,2011-11-16,55.0
222,2011-11-17,52.0
223,2011-11-18,46.0
224,2011-11-21,43.0
225,2011-11-22,41.0
226,2011-11-23,39.0
227,2011-11-25,51.0
228,2011-11-28,57.0
229,2011-11-29,62.0
230,2011-11-30,67.0
231,2011-12-01,61.0
232,2011-12-02,67.0
233,2011-12-05,66.0
234,2011-12-06,66.0
235,2011-12-07,66.0
236,2011-12-08,66.0
237,2011-12-09,65.0
238,2011-12-12,62.0
239,2011-12-13,56.0
240,2011-12-14,61.0
241,2011-12-15,61.0
242,2011-12-16,60.0
243,2011-12-19,74.0
244,2011-12-20,74.0
245,2011-12-21,74.0
246,2011-12-22,78.0
247,2011-12-23,77.0
248,2011-12-27,75.0
249,2011-12-28,75.0
250,2011-12-29,75.0
251,2011-12-30,75.0
252,2012-01-03,77.0
253,2012-01-04,77.0
254,2012-01-05,78.0
255,2012-01-06,78.0
256,2012-01-09,81.0
257,2012-01-10,82.0
258,2012-01-11,83.0
259,2012-01-12,83.0
260,2012-01-13,83.0
261,2012-01-17,88.0
262,2012-01-18,90.0
263,2012-01-19,89.0
264,2012-01-20,88.0
265,2012-01-23,87.0
266,2012-01-24,87.0
267,2012-01-25,84.0
268,2012-01-26,82.0
269,2012-01-27,82.0
270,2012-01-30,82.0
271,2012-01-31,85.0
272,2012-02-01,87.0
273,2012-02-02,88.0
274,2012-02-03,88.0
275,2012-02-06,88.0
276,2012-02-07,86.0
277,2012-02-08,86.0
278,2012-02-09,85.0
279,2012-02-10,83.0
280,2012-02-13,83.0
281,2012-02-14,81.0
282,2012-02-15,82.0
283,2012-02-16,81.0
284,2012-02-17,80.0
285,2012-02-21,79.0
286,2012-02-22,78.0
287,2012-02-23,79.0
288,2012-02-24,79.0
289,2012-02-27,75.0
290,2012-02-28,75.0
291,2012-02-29,72.0
292,2012-03-01,70.0
293,2012-03-02,68.0
294,2012-03-05,66.0
295,2012-03-06,63.0
296,2012-03-07,62.0
297,2012-03-08,63.0
298,2012-03-09,70.0
299,2012-03-12,74.0
300,2012-03-13,79.0
301,2012-03-14,79.0
302,2012-03-15,79.0
303,2012-03-16,77.0
304,2012-03-19,73.0
305,2012-03-20,73.0
306,2012-03-21,71.0
307,2012-03-22,66.0
308,2012-03-23,71.0
309,2012-03-26,66.0
310,2012-03-27,66.0
311,2012-03-28,62.0
312,2012-03-29,62.0
313,2012-03-30,63.0
314,2012-04-02,63.0
315,2012-04-03,61.0
316,2012-04-04,63.0
317,2012-04-05,55.0
318,2012-04-09,46.0
319,2012-04-10,39.0
320,2012-04-11,39.0
321,2012-04-12,38.0
322,2012-04-13,38.0
323,2012-04-16,37.0
324,2012-04-17,37.0
325,2012-04-18,36.0
326,2012-04-19,35.0
327,2012-04-20,35.0
328,2012-04-23,34.0
329,2012-04-24,34.0
330,2012-04-25,38.0
331,2012-04-26,40.0
332,2012-04-27,41.0
333,2012-04-30,43.0
334,2012-05-01,42.0
335,2012-05-02,42.0
336,2012-05-03,41.0
337,2012-05-04,41.0
338,2012-05-07,38.0
339,2012-05-08,32.0
340,2012-05-09,32.0
341,2012-05-10,32.0
342,2012-05-11,25.0
343,2012-05-14,23.0
344,2012-05-15,20.0
345,2012-05-16,14.0
346,2012-05-17,12.0
347,2012-05-18,12.0
348,2012-05-21,16.0
349,2012-05-22,15.0
350,2012-05-23,15.0
351,2012-05-24,14.0
352,2012-05-25,13.0
353,2012-05-29,14.0
354,2012-05-30,12.0
355,2012-05-31,10.0
356,2012-06-01,10.0
357,2012-06-04,14.0
358,2012-06-05,14.0
359,2012-06-06,15.0
360,2012-06-07,16.0
361,2012-06-08,19.0
362,2012-06-11,20.0
363,2012-06-12,22.0
364,2012-06-13,19.0
365,2012-06-14,27.0
366,2012-06-15,35.0
367,2012-06-18,36.0
368,2012-06-19,36.0
369,2012-06-20,36.0
370,2012-06-21,33.0
371,2012-06-22,33.0
372,2012-06-25,39.0
373,2012-06-26,41.0
374,2012-06-27,41.0
375,2012-06-28,48.0
376,2012-06-29,53.0
377,2012-07-02,56.0
378,2012-07-03,59.0
379,2012-07-05,55.0
380,2012-07-06,51.0
381,2012-07-09,46.0
382,2012-07-10,48.0
383,2012-07-11,44.0
384,2012-07-12,44.0
385,2012-07-13,45.0
386,2012-07-16,48.0
387,2012-07-17,52.0
388,2012-07-18,52.0
389,2012-07-19,51.0
390,2012-07-20,51.0
391,2012-07-23,47.0
392,2012-07-24,41.0
393,2012-07-25,51.0
394,2012-07-26,55.0
395,2012-07-27,61.0
396,2012-07-30,57.0
397,2012-07-31,55.0
398,2012-08-01,55.0
399,2012-08-02,49.0
400,2012-08-03,63.0
401,2012-08-06,71.0
402,2012-08-07,70.0
403,2012-08-08,73.0
404,2012-08-09,75.0
405,2012-08-10,70.0
406,2012-08-13,75.0
407,2012-08-14,74.0
408,2012-08-15,72.0
409,2012-08-16,78.0
410,2012-08-17,79.0
411,2012-08-20,75.0
412,2012-08-21,74.0
413,2012-08-22,74.0
414,2012-08-23,72.0
415,2012-08-24,70.0
416,2012-08-27,68.0
417,2012-08-28,68.0
418,2012-08-29,63.0
419,2012-08-30,63.0
420,2012-08-31,59.0
421,2012-09-04,71.0
422,2012-09-05,74.0
423,2012-09-06,76.0
424,2012-09-07,83.0
425,2012-09-10,78.0
426,2012-09-11,86.0
427,2012-09-12,84.0
428,2012-09-13,91.0
429,2012-09-14,93.0
430,2012-09-17,92.0
431,2012-09-18,92.0
432,2012-09-19,92.0
433,2012-09-20,93.0
434,2012-09-21,93.0
435,2012-09-24,81.0
436,2012-09-25,81.0
437,2012-09-26,70.0
438,2012-09-27,76.0
439,2012-09-28,71.0
440,2012-10-01,72.0
441,2012-10-02,75.0
442,2012-10-03,76.0
443,2012-10-04,77.0
444,2012-10-05,78.0
445,2012-10-08,72.0
446,2012-10-09,66.0
447,2012-10-10,59.0
448,2012-10-11,56.0
449,2012-10-12,56.0
450,2012-10-15,54.0
451,2012-10-16,63.0
452,2012-10-17,61.0
453,2012-10-18,53.0
454,2012-10-19,56.0
455,2012-10-22,56.0
456,2012-10-23,42.0
457,2012-10-24,45.0
458,2012-10-25,41.0
459,2012-10-26,40.0
460,2012-10-31,45.0
461,2012-11-01,50.0
462,2012-11-02,50.0
463,2012-11-05,46.0
464,2012-11-06,47.0
465,2012-11-07,45.0
466,2012-11-08,40.0
467,2012-11-09,39.0
468,2012-11-12,35.0
469,2012-11-13,37.0
470,2012-11-14,31.0
471,2012-11-15,28.0
472,2012-11-16,28.0
473,2012-11-19,38.0
474,2012-11-20,42.0
475,2012-11-21,39.0
476,2012-11-23,47.0
477,2012-11-26,47.0
478,2012-11-27,49.0
479,2012-11-28,49.0
480,2012-11-29,52.0
481,2012-11-30,50.0
482,2012-12-03,45.0
483,2012-12-04,45.0
484,2012-12-05,45.0
485,2012-12-06,45.0
486,2012-12-07,51.0
487,2012-12-10,55.0
488,2012-12-11,55.0
489,2012-12-12,58.0
490,2012-12-13,60.0
491,2012-12-14,57.0
492,2012-12-17,64.0
493,2012-12-18,67.0
494,2012-12-19,64.0
495,2012-12-20,59.0
496,2012-12-21,56.0
497,2012-12-24,51.0
498,2012-12-26,58.0
499,2012-12-27,58.0
500,2012-12-28,66.0
501,2012-12-31,66.0
502,2013-01-02,68.0
503,2013-01-03,69.0
504,2013-01-04,82.0
505,2013-01-07,82.0
506,2013-01-08,80.0
507,2013-01-09,81.0
508,2013-01-10,85.0
509,2013-01-11,85.0
510,2013-01-14,86.0
511,2013-01-15,89.0
512,2013-01-16,85.0
513,2013-01-17,86.0
514,2013-01-18,89.0
515,2013-01-22,89.0
516,2013-01-23,92.0
517,2013-01-24,92.0
518,2013-01-25,91.0
519,2013-01-28,93.0
520,2013-01-29,94.0
521,2013-01-30,93.0
522,2013-01-31,89.0
523,2013-02-01,88.0
524,2013-02-04,80.0
525,2013-02-05,88.0
526,2013-02-06,81.0
527,2013-02-07,85.0
528,2013-02-08,83.0
529,2013-02-11,82.0
530,2013-02-12,82.0
531,2013-02-13,83.0
532,2013-02-14,87.0
533,2013-02-15,84.0
534,2013-02-19,81.0
535,2013-02-20,79.0
536,2013-02-21,68.0
537,2013-02-22,78.0
538,2013-02-25,62.0
539,2013-02-26,61.0
540,2013-02-27,56.0
541,2013-02-28,61.0
542,2013-03-01,60.0
543,2013-03-04,60.0
544,2013-03-05,71.0
545,2013-03-06,69.0
546,2013-03-07,73.0
547,2013-03-08,82.0
548,2013-03-11,79.0
549,2013-03-12,77.0
550,2013-03-13,77.0
551,2013-03-14,79.0
552,2013-03-15,77.0
553,2013-03-18,70.0
554,2013-03-19,73.0
555,2013-03-20,69.0
556,2013-03-21,69.0
557,2013-03-22,69.0
558,2013-03-25,70.0
559,2013-03-26,68.0
560,2013-03-27,70.0
561,2013-03-28,72.0
562,2013-04-01,63.0
563,2013-04-02,63.0
564,2013-04-03,59.0
565,2013-04-04,55.0
566,2013-04-05,52.0
567,2013-04-08,53.0
568,2013-04-09,56.0
569,2013-04-10,56.0
570,2013-04-11,57.0
571,2013-04-12,57.0
572,2013-04-15,41.0
573,2013-04-16,52.0
574,2013-04-17,47.0
575,2013-04-18,35.0
576,2013-04-19,41.0
577,2013-04-22,42.0
578,2013-04-23,46.0
579,2013-04-24,48.0
580,2013-04-25,53.0
581,2013-04-26,53.0
582,2013-04-29,60.0
583,2013-04-30,61.0
584,2013-05-01,62.0
585,2013-05-02,63.0
586,2013-05-03,64.0
587,2013-05-06,73.0
588,2013-05-07,78.0
589,2013-05-08,77.0
590,2013-05-09,76.0
591,2013-05-10,77.0
592,2013-05-13,80.0
593,2013-05-14,86.0
594,2013-05-15,87.0
595,2013-05-16,85.0
596,2013-05-17,91.0
597,2013-05-20,83.0
598,2013-05-21,83.0
599,2013-05-22,83.0
600,2013-05-23,80.0
601,2013-05-24,75.0
602,2013-05-28,67.0
603,2013-05-29,66.0
604,2013-05-30,72.0
605,2013-05-31,60.0
606,2013-06-03,55.0
607,2013-06-04,48.0
608,2013-06-05,32.0
609,2013-06-06,34.0
610,2013-06-07,40.0
611,2013-06-10,34.0
612,2013-06-11,31.0
613,2013-06-12,30.0
614,2013-06-13,30.0
615,2013-06-14,29.0
616,2013-06-17,24.0
617,2013-06-18,24.0
618,2013-06-19,21.0
619,2013-06-20,19.0
620,2013-06-21,19.0
621,2013-06-24,18.0
622,2013-06-25,19.0
623,2013-06-26,20.0
624,2013-06-27,21.0
625,2013-06-28,22.0
626,2013-07-01,25.0
627,2013-07-02,29.0
628,2013-07-03,30.0
629,2013-07-05,38.0
630,2013-07-08,40.0
631,2013-07-09,48.0
632,2013-07-10,49.0
633,2013-07-11,51.0
634,2013-07-12,61.0
635,2013-07-15,60.0
636,2013-07-16,62.0
637,2013-07-17,57.0
638,2013-07-18,62.0
639,2013-07-19,68.0
640,2013-07-22,63.0
641,2013-07-23,65.0
642,2013-07-24,64.0
643,2013-07-25,62.0
644,2013-07-26,64.0
645,2013-07-29,59.0
646,2013-07-30,62.0
647,2013-07-31,61.0
648,2013-08-01,68.0
649,2013-08-02,62.0
650,2013-08-05,61.0
651,2013-08-06,54.0
652,2013-08-07,47.0
653,2013-08-08,52.0
654,2013-08-09,44.0
655,2013-08-12,50.0
656,2013-08-13,50.0
657,2013-08-14,46.0
658,2013-08-15,43.0
659,2013-08-16,39.0
660,2013-08-19,32.0
661,2013-08-20,26.0
662,2013-08-21,26.0
663,2013-08-22,32.0
664,2013-08-23,27.0
665,2013-08-26,25.0
666,2013-08-27,18.0
667,2013-08-28,24.0
668,2013-08-29,23.0
669,2013-08-30,20.0
670,2013-09-03,17.0
671,2013-09-04,28.0
672,2013-09-05,33.0
673,2013-09-06,36.0
674,2013-09-09,43.0
675,2013-09-10,52.0
676,2013-09-11,47.0
677,2013-09-12,46.0
678,2013-09-13,48.0
679,2013-09-16,50.0
680,2013-09-17,54.0
681,2013-09-18,56.0
682,2013-09-19,62.0
683,2013-09-20,57.0
684,2013-09-23,49.0
685,2013-09-24,48.0
686,2013-09-25,47.0
687,2013-09-26,39.0
688,2013-09-27,41.0
689,2013-09-30,35.0
690,2013-10-01,40.0
691,2013-10-02,35.0
692,2013-10-03,29.0
693,2013-10-04,34.0
694,2013-10-07,27.0
695,2013-10-08,20.0
696,2013-10-09,29.0
697,2013-10-10,35.0
698,2013-10-11,31.0
699,2013-10-14,39.0
700,2013-10-15,39.0
701,2013-10-16,46.0
702,2013-10-17,48.0
703,2013-10-18,56.0
704,2013-10-21,53.0
705,2013-10-22,55.0
706,2013-10-23,61.0
707,2013-10-24,62.0
708,2013-10-25,62.0
709,2013-10-28,64.0
710,2013-10-29,64.0
711,2013-10-30,64.0
712,2013-10-31,66.0
713,2013-11-01,67.0
714,2013-11-04,68.0
715,2013-11-05,68.0
716,2013-11-06,68.0
717,2013-11-07,68.0
718,2013-11-08,68.0
719,2013-11-11,67.0
720,2013-11-12,69.0
721,2013-11-13,70.0
722,2013-11-14,70.0
723,2013-11-15,71.0
724,2013-11-18,71.0
725,2013-11-19,67.0
726,2013-11-20,68.0
727,2013-11-21,68.0
728,2013-11-22,68.0
729,2013-11-25,66.0
730,2013-11-26,64.0
731,2013-11-27,67.0
732,2013-11-29,70.0
733,2013-12-02,66.0
734,2013-12-03,65.0
735,2013-12-04,65.0
736,2013-12-05,57.0
737,2013-12-06,63.0
738,2013-12-09,53.0
739,2013-12-10,52.0
740,2013-12-11,51.0
741,2013-12-12,43.0
742,2013-12-13,38.0
743,2013-12-16,45.0
744,2013-12-17,38.0
745,2013-12-18,49.0
746,2013-12-19,50.0
747,2013-12-20,52.0
748,2013-12-23,61.0
749,2013-12-24,66.0
750,2013-12-26,63.0
751,2013-12-27,72.0
752,2013-12-30,70.0
753,2013-12-31,77.0
754,2014-01-02,71.0
755,2014-01-03,66.0
756,2014-01-06,64.0
757,2014-01-07,67.0
758,2014-01-08,64.0
759,2014-01-09,68.0
760,2014-01-10,66.0
761,2014-01-13,61.0
762,2014-01-14,68.0
763,2014-01-15,65.0
764,2014-01-16,63.0
765,2014-01-17,59.0
766,2014-01-21,62.0
767,2014-01-22,45.0
768,2014-01-23,46.0
769,2014-01-24,27.0
770,2014-01-27,25.0
771,2014-01-28,29.0
772,2014-01-29,20.0
773,2014-01-30,18.0
774,2014-01-31,20.0
775,2014-02-03,13.0
776,2014-02-04,15.0
777,2014-02-05,20.0
778,2014-02-06,17.0
779,2014-02-07,22.0
780,2014-02-10,28.0
781,2014-02-11,29.0
782,2014-02-12,32.0
783,2014-02-13,32.0
784,2014-02-14,30.0
785,2014-02-18,42.0
786,2014-02-19,39.0
787,2014-02-20,45.0
788,2014-02-21,48.0
789,2014-02-24,55.0
790,2014-02-25,57.0
791,2014-02-26,58.0
792,2014-02-27,62.0
793,2014-02-28,56.0
794,2014-03-03,63.0
795,2014-03-04,66.0
796,2014-03-05,78.0
797,2014-03-06,80.0
798,2014-03-07,81.0
799,2014-03-10,81.0
800,2014-03-11,76.0
801,2014-03-12,57.0
802,2014-03-13,49.0
803,2014-03-14,44.0
804,2014-03-17,49.0
805,2014-03-18,51.0
806,2014-03-19,53.0
807,2014-03-20,54.0
808,2014-03-21,56.0
809,2014-03-24,49.0
810,2014-03-25,43.0
811,2014-03-26,43.0
812,2014-03-27,34.0
813,2014-03-28,36.0
814,2014-03-31,50.0
815,2014-04-01,51.0
816,2014-04-02,53.0
817,2014-04-03,51.0
818,2014-04-04,49.0
819,2014-04-07,35.0
820,2014-04-08,34.0
821,2014-04-09,31.0
822,2014-04-10,31.0
823,2014-04-11,21.0
824,2014-04-14,23.0
825,2014-04-15,23.0
826,2014-04-16,28.0
827,2014-04-17,28.0
828,2014-04-21,38.0
829,2014-04-22,40.0
830,2014-04-23,40.0
831,2014-04-24,39.0
832,2014-04-25,35.0
833,2014-04-28,34.0
834,2014-04-29,34.0
835,2014-04-30,33.0
836,2014-05-01,30.0
837,2014-05-02,32.0
838,2014-05-05,34.0
839,2014-05-06,34.0
840,2014-05-07,33.0
841,2014-05-08,33.0
842,2014-05-09,42.0
843,2014-05-12,45.0
844,2014-05-13,39.0
845,2014-05-14,38.0
846,2014-05-15,28.0
847,2014-05-16,28.0
848,2014-05-19,26.0
849,2014-05-20,21.0
850,2014-05-21,29.0
851,2014-05-22,36.0
852,2014-05-23,37.0
853,2014-05-27,40.0
854,2014-05-28,42.0
855,2014-05-29,42.0
856,2014-05-30,45.0
857,2014-06-02,58.0
858,2014-06-03,66.0
859,2014-06-04,66.0
860,2014-06-05,81.0
861,2014-06-06,81.0
862,2014-06-09,89.0
863,2014-06-10,90.0
864,2014-06-11,88.0
865,2014-06-12,83.0
866,2014-06-13,85.0
867,2014-06-16,87.0
868,2014-06-17,88.0
869,2014-06-18,94.0
870,2014-06-19,95.0
871,2014-06-20,95.0
872,2014-06-23,93.0
873,2014-06-24,83.0
874,2014-06-25,83.0
875,2014-06-26,77.0
876,2014-06-27,76.0
877,2014-06-30,87.0
878,2014-07-01,87.0
879,2014-07-02,87.0
880,2014-07-03,86.0
881,2014-07-07,68.0
882,2014-07-08,74.0
883,2014-07-09,62.0
884,2014-07-10,56.0
885,2014-07-11,57.0
886,2014-07-14,59.0
887,2014-07-15,56.0
888,2014-07-16,55.0
889,2014-07-17,32.0
890,2014-07-18,46.0
891,2014-07-21,37.0
892,2014-07-22,38.0
893,2014-07-23,39.0
894,2014-07-24,42.0
895,2014-07-25,34.0
896,2014-07-28,34.0
897,2014-07-29,31.0
898,2014-07-30,26.0
899,2014-07-31,10.0
900,2014-08-01,5.0
901,2014-08-04,5.0
902,2014-08-05,5.0
903,2014-08-06,5.0
904,2014-08-07,5.0
905,2014-08-08,10.0
906,2014-08-11,7.0
907,2014-08-12,8.0
908,2014-08-13,13.0
909,2014-08-14,16.0
910,2014-08-15,14.0
911,2014-08-18,26.0
912,2014-08-19,31.0
913,2014-08-20,37.0
914,2014-08-21,36.0
915,2014-08-22,37.0
916,2014-08-25,35.0
917,2014-08-26,36.0
918,2014-08-27,33.0
919,2014-08-28,33.0
920,2014-08-29,41.0
921,2014-09-02,48.0
922,2014-09-03,48.0
923,2014-09-04,47.0
924,2014-09-05,50.0
925,2014-09-08,47.0
926,2014-09-09,42.0
927,2014-09-10,45.0
928,2014-09-11,44.0
929,2014-09-12,43.0
930,2014-09-15,38.0
931,2014-09-16,37.0
932,2014-09-17,42.0
933,2014-09-18,37.0
934,2014-09-19,36.0
935,2014-09-22,22.0
936,2014-09-23,18.0
937,2014-09-24,17.0
938,2014-09-25,8.0
939,2014-09-26,13.0
940,2014-09-29,11.0
941,2014-09-30,12.0
942,2014-10-01,7.0
943,2014-10-02,3.0
944,2014-10-03,5.0
945,2014-10-06,5.0
946,2014-10-07,6.0
947,2014-10-08,4.0
948,2014-10-09,3.0
949,2014-10-10,1.0
950,2014-10-13,0.0
951,2014-10-14,2.0
952,2014-10-15,1.0
953,2014-10-16,2.0
954,2014-10-17,7.0
955,2014-10-20,5.0
956,2014-10-21,7.0
957,2014-10-22,8.0
958,2014-10-23,11.0
959,2014-10-24,13.0
960,2014-10-27,16.0
961,2014-10-28,21.0
962,2014-10-29,25.0
963,2014-10-30,31.0
964,2014-10-31,32.0
965,2014-11-03,40.0
966,2014-11-04,40.0
967,2014-11-05,49.0
968,2014-11-06,49.0
969,2014-11-07,55.0
970,2014-11-10,57.0
971,2014-11-11,58.0
972,2014-11-12,56.0
973,2014-11-13,54.0
974,2014-11-14,53.0
975,2014-11-17,53.0
976,2014-11-18,54.0
977,2014-11-19,55.0
978,2014-11-20,59.0
979,2014-11-21,59.0
980,2014-11-24,62.0
981,2014-11-25,62.0
982,2014-11-26,63.0
983,2014-11-28,59.0
984,2014-12-01,55.0
985,2014-12-02,55.0
986,2014-12-03,59.0
987,2014-12-04,59.0
988,2014-12-05,61.0
989,2014-12-08,55.0
990,2014-12-09,46.0
991,2014-12-10,41.0
992,2014-12-11,37.0
993,2014-12-12,31.0
994,2014-12-15,22.0
995,2014-12-16,19.0
996,2014-12-17,21.0
997,2014-12-18,33.0
998,2014-12-19,33.0
999,2014-12-22,43.0
1000,2014-12-23,45.0
1001,2014-12-24,47.0
1002,2014-12-26,48.0
1003,2014-12-29,47.0
1004,2014-12-30,47.0
1005,2014-12-31,45.0
1006,2015-01-02,37.0
1007,2015-01-05,30.0
1008,2015-01-06,21.0
1009,2015-01-07,21.0
1010,2015-01-08,28.0
1011,2015-01-09,29.0
1012,2015-01-12,30.0
1013,2015-01-13,29.0
1014,2015-01-14,30.0
1015,2015-01-15,30.0
1016,2015-01-16,26.0
1017,2015-01-20,25.0
1018,2015-01-21,28.0
1019,2015-01-22,32.0
1020,2015-01-23,31.0
1021,2015-01-26,28.0
1022,2015-01-27,28.0
1023,2015-01-28,26.0
1024,2015-01-29,26.0
1025,2015-01-30,25.0
1026,2015-02-02,30.0
1027,2015-02-03,46.0
1028,2015-02-04,42.0
1029,2015-02-05,50.0
1030,2015-02-06,52.0
1031,2015-02-09,52.0
1032,2015-02-10,54.0
1033,2015-02-11,61.0
1034,2015-02-12,64.0
1035,2015-02-13,73.0
1036,2015-02-17,77.0
1037,2015-02-18,79.0
1038,2015-02-19,77.0
1039,2015-02-20,80.0
1040,2015-02-23,77.0
1041,2015-02-24,75.0
1042,2015-02-25,77.0
1043,2015-02-26,78.0
1044,2015-02-27,74.0
1045,2015-03-02,74.0
1046,2015-03-03,66.0
1047,2015-03-04,66.0
1048,2015-03-05,65.0
1049,2015-03-06,58.0
1050,2015-03-09,58.0
1051,2015-03-10,52.0
1052,2015-03-11,44.0
1053,2015-03-12,46.0
1054,2015-03-13,39.0
1055,2015-03-16,42.0
1056,2015-03-17,40.0
1057,2015-03-18,39.0
1058,2015-03-19,43.0
1059,2015-03-20,43.0
1060,2015-03-23,48.0
1061,2015-03-24,44.0
1062,2015-03-25,44.0
1063,2015-03-26,37.0
1064,2015-03-27,36.0
1065,2015-03-30,37.0
1066,2015-03-31,37.0
1067,2015-04-01,35.0
1068,2015-04-02,40.0
1069,2015-04-06,43.0
1070,2015-04-07,48.0
1071,2015-04-08,48.0
1072,2015-04-09,56.0
1073,2015-04-10,56.0
1074,2015-04-13,60.0
1075,2015-04-14,60.0
1076,2015-04-15,60.0
1077,2015-04-16,57.0
1078,2015-04-17,57.0
1079,2015-04-20,55.0
1080,2015-04-21,59.0
1081,2015-04-22,59.0
1082,2015-04-23,64.0
1083,2015-04-24,66.0
1084,2015-04-27,59.0
1085,2015-04-28,61.0
1086,2015-04-29,61.0
1087,2015-04-30,53.0
1088,2015-05-01,61.0
1089,2015-05-04,61.0
1090,2015-05-05,58.0
1091,2015-05-06,58.0
1092,2015-05-07,53.0
1093,2015-05-08,58.0
1094,2015-05-11,53.0
1095,2015-05-12,49.0
1096,2015-05-13,55.0
1097,2015-05-14,57.0
1098,2015-05-15,57.0
1099,2015-05-18,62.0
1100,2015-05-19,62.0
1101,2015-05-20,64.0
1102,2015-05-21,64.0
1103,2015-05-22,60.0
1104,2015-05-26,50.0
1105,2015-05-27,47.0
1106,2015-05-28,47.0
1107,2015-05-29,43.0
1108,2015-06-01,40.0
1109,2015-06-02,43.0
1110,2015-06-03,45.0
1111,2015-06-04,44.0
1112,2015-06-05,40.0
1113,2015-06-08,36.0
1114,2015-06-09,36.0
1115,2015-06-10,37.0
1116,2015-06-11,41.0
1117,2015-06-12,30.0
1118,2015-06-15,26.0
1119,2015-06-16,27.0
1120,2015-06-17,26.0
1121,2015-06-18,34.0
1122,2015-06-19,30.0
1123,2015-06-22,42.0
1124,2015-06-23,49.0
1125,2015-06-24,36.0
1126,2015-06-25,34.0
1127,2015-06-26,33.0
1128,2015-06-29,8.0
1129,2015-06-30,11.0
1130,2015-07-01,18.0
1131,2015-07-02,16.0
1132,2015-07-06,13.0
1133,2015-07-07,13.0
1134,2015-07-08,9.0
1135,2015-07-09,12.0
1136,2015-07-10,14.0
1137,2015-07-13,24.0
1138,2015-07-14,24.0
1139,2015-07-15,30.0
1140,2015-07-16,30.0
1141,2015-07-17,34.0
1142,2015-07-20,34.0
1143,2015-07-21,25.0
1144,2015-07-22,20.0
1145,2015-07-23,15.0
1146,2015-07-24,15.0
1147,2015-07-27,7.0
1148,2015-07-28,17.0
1149,2015-07-29,21.0
1150,2015-07-30,21.0
1151,2015-07-31,20.0
1152,2015-08-03,24.0
1153,2015-08-04,28.0
1154,2015-08-05,21.0
1155,2015-08-06,18.0
1156,2015-08-07,10.0
1157,2015-08-10,9.0
1158,2015-08-11,12.0
1159,2015-08-12,9.0
1160,2015-08-13,11.0
1161,2015-08-14,11.0
1162,2015-08-17,14.0
1163,2015-08-18,13.0
1164,2015-08-19,13.0
1165,2015-08-20,8.0
1166,2015-08-21,8.0
1167,2015-08-24,3.0
1168,2015-08-25,9.0
1169,2015-08-26,12.0
1170,2015-08-27,13.0
1171,2015-08-28,14.0
1172,2015-08-31,14.0
1173,2015-09-01,9.0
1174,2015-09-02,13.0
1175,2015-09-03,11.0
1176,2015-09-04,10.0
1177,2015-09-08,13.0
1178,2015-09-09,13.0
1179,2015-09-10,15.0
1180,2015-09-11,14.0
1181,2015-09-14,13.0
1182,2015-09-15,16.0
1183,2015-09-16,16.0
1184,2015-09-17,16.0
1185,2015-09-18,18.0
1186,2015-09-21,23.0
1187,2015-09-22,31.0
1188,2015-09-23,31.0
1189,2015-09-24,22.0
1190,2015-09-25,18.0
1191,2015-09-28,15.0
1192,2015-09-29,13.0
1193,2015-09-30,21.0
1194,2015-10-01,18.0
1195,2015-10-02,24.0
1196,2015-10-05,31.0
1197,2015-10-06,36.0
1198,2015-10-07,37.0
1199,2015-10-08,42.0
1200,2015-10-09,43.0
1201,2015-10-12,41.0
1202,2015-10-13,35.0
1203,2015-10-14,35.0
1204,2015-10-15,41.0
1205,2015-10-16,45.0
1206,2015-10-19,47.0
1207,2015-10-20,51.0
1208,2015-10-21,50.0
1209,2015-10-22,55.0
1210,2015-10-23,59.0
1211,2015-10-26,61.0
1212,2015-10-27,69.0
1213,2015-10-28,69.0
1214,2015-10-29,71.0
1215,2015-10-30,70.0
1216,2015-11-02,73.0
1217,2015-11-03,73.0
1218,2015-11-04,72.0
1219,2015-11-05,73.0
1220,2015-11-06,71.0
1221,2015-11-09,66.0
1222,2015-11-10,66.0
1223,2015-11-11,63.0
1224,2015-11-12,59.0
1225,2015-11-13,50.0
1226,2015-11-16,48.0
1227,2015-11-17,51.0
1228,2015-11-18,51.0
1229,2015-11-19,52.0
1230,2015-11-20,53.0
1231,2015-11-23,53.0
1232,2015-11-24,56.0
1233,2015-11-25,59.0
1234,2015-11-27,58.0
1235,2015-11-30,58.0
1236,2015-12-01,55.0
1237,2015-12-02,55.0
1238,2015-12-03,55.0
1239,2015-12-04,55.0
1240,2015-12-07,38.0
1241,2015-12-08,42.0
1242,2015-12-09,35.0
1243,2015-12-10,36.0
1244,2015-12-11,25.0
1245,2015-12-14,30.0
1246,2015-12-15,35.0
1247,2015-12-16,46.0
1248,2015-12-17,37.0
1249,2015-12-18,37.0
1250,2015-12-21,35.0
1251,2015-12-22,36.0
1252,2015-12-23,43.0
1253,2015-12-24,42.0
1254,2015-12-28,48.0
1255,2015-12-29,48.0
1256,2015-12-30,46.0
1257,2015-12-31,46.0
1258,2016-01-04,43.0
1259,2016-01-05,35.0
1260,2016-01-06,35.0
1261,2016-01-07,27.0
1262,2016-01-08,26.0
1263,2016-01-11,17.0
1264,2016-01-12,16.0
1265,2016-01-13,18.0
1266,2016-01-14,15.0
1267,2016-01-15,10.0
1268,2016-01-19,9.0
1269,2016-01-20,11.0
1270,2016-01-21,13.0
1271,2016-01-22,14.0
1272,2016-01-25,15.0
1273,2016-01-26,16.0
1274,2016-01-27,18.0
1275,2016-01-28,18.0
1276,2016-01-29,26.0
1277,2016-02-01,26.0
1278,2016-02-02,26.0
1279,2016-02-03,24.0
1280,2016-02-04,25.0
1281,2016-02-05,17.0
1282,2016-02-08,17.0
1283,2016-02-09,15.0
1284,2016-02-10,17.0
1285,2016-02-11,18.0
1286,2016-02-12,21.0
1287,2016-02-16,29.0
1288,2016-02-17,37.0
1289,2016-02-18,43.0
1290,2016-02-19,43.0
1291,2016-02-22,50.0
1292,2016-02-23,50.0
1293,2016-02-24,53.0
1294,2016-02-25,53.0
1295,2016-02-26,52.0
1296,2016-02-29,55.0
1297,2016-03-01,61.0
1298,2016-03-02,66.0
1299,2016-03-03,69.0
1300,2016-03-04,68.0
1301,2016-03-07,71.0
1302,2016-03-08,70.0
1303,2016-03-09,71.0
1304,2016-03-10,72.0
1305,2016-03-11,75.0
1306,2016-03-14,74.0
1307,2016-03-15,75.0
1308,2016-03-16,75.0
1309,2016-03-17,78.0
1310,2016-03-18,79.0
1311,2016-03-21,76.0
1312,2016-03-22,76.0
1313,2016-03-23,70.0
1314,2016-03-24,72.0
1315,2016-03-28,64.0
1316,2016-03-29,67.0
1317,2016-03-30,67.0
1318,2016-03-31,71.0
1319,2016-04-01,74.0
1320,2016-04-04,73.0
1321,2016-04-05,72.0
1322,2016-04-06,72.0
1323,2016-04-07,72.0
1324,2016-04-08,68.0
1325,2016-04-11,66.0
1326,2016-04-12,66.0
1327,2016-04-13,70.0
1328,2016-04-14,70.0
1329,2016-04-15,70.0
1330,2016-04-18,72.0
1331,2016-04-19,73.0
1332,2016-04-20,75.0
1333,2016-04-21,75.0
1334,2016-04-22,74.0
1335,2016-04-25,71.0
1336,2016-04-26,71.0
1337,2016-04-27,72.0
1338,2016-04-28,70.0
1339,2016-04-29,67.0
1340,2016-05-02,69.0
1341,2016-05-03,63.0
1342,2016-05-04,63.0
1343,2016-05-05,60.0
1344,2016-05-06,60.0
1345,2016-05-09,60.0
1346,2016-05-10,62.0
1347,2016-05-11,62.0
1348,2016-05-12,61.0
1349,2016-05-13,59.0
1350,2016-05-16,58.0
1351,2016-05-17,54.0
1352,2016-05-18,56.0
1353,2016-05-19,54.0
1354,2016-05-20,55.0
1355,2016-05-23,57.0
1356,2016-05-24,63.0
1357,2016-05-25,68.0
1358,2016-05-26,74.0
1359,2016-05-27,78.0
1360,2016-05-31,77.0
1361,2016-06-01,78.0
1362,2016-06-02,79.0
1363,2016-06-03,77.0
1364,2016-06-06,79.0
1365,2016-06-07,80.0
1366,2016-06-08,80.0
1367,2016-06-09,79.0
1368,2016-06-10,63.0
1369,2016-06-13,54.0
1370,2016-06-14,54.0
1371,2016-06-15,53.0
1372,2016-06-16,50.0
1373,2016-06-17,53.0
1374,2016-06-20,60.0
1375,2016-06-21,61.0
1376,2016-06-22,61.0
1377,2016-06-23,66.0
1378,2016-06-24,44.0
1379,2016-06-27,45.0
1380,2016-06-28,48.0
1381,2016-06-29,58.0
1382,2016-06-30,62.0
1383,2016-07-01,71.0
1384,2016-07-05,69.0
1385,2016-07-06,69.0
1386,2016-07-07,69.0
1387,2016-07-08,75.0
1388,2016-07-11,80.0
1389,2016-07-12,86.0
1390,2016-07-13,86.0
1391,2016-07-14,90.0
1392,2016-07-15,88.0
1393,2016-07-18,89.0
1394,2016-07-19,89.0
1395,2016-07-20,88.0
1396,2016-07-21,87.0
1397,2016-07-22,85.0
1398,2016-07-25,85.0
1399,2016-07-26,82.0
1400,2016-07-27,84.0
1401,2016-07-28,82.0
1402,2016-07-29,80.0
1403,2016-08-01,64.0
1404,2016-08-02,78.0
1405,2016-08-03,80.0
1406,2016-08-04,81.0
1407,2016-08-05,85.0
1408,2016-08-08,80.0
1409,2016-08-09,75.0
1410,2016-08-10,78.0
1411,2016-08-11,78.0
1412,2016-08-12,75.0
1413,2016-08-15,78.0
1414,2016-08-16,78.0
1415,2016-08-17,77.0
1416,2016-08-18,78.0
1417,2016-08-19,76.0
1418,2016-08-22,74.0
1419,2016-08-23,75.0
1420,2016-08-24,70.0
1421,2016-08-25,65.0
1422,2016-08-26,63.0
1423,2016-08-29,64.0
1424,2016-08-30,64.0
1425,2016-08-31,62.0
1426,2016-09-01,63.0
1427,2016-09-02,63.0
1428,2016-09-06,65.0
1429,2016-09-07,64.0
1430,2016-09-08,69.0
1431,2016-09-09,47.0
1432,2016-09-12,55.0
1433,2016-09-13,36.0
1434,2016-09-14,34.0
1435,2016-09-15,39.0
1436,2016-09-16,44.0
1437,2016-09-19,45.0
1438,2016-09-20,45.0
1439,2016-09-21,54.0
1440,2016-09-22,59.0
1441,2016-09-23,53.0
1442,2016-09-26,47.0
1443,2016-09-27,45.0
1444,2016-09-28,45.0
1445,2016-09-29,44.0
1446,2016-09-30,43.0
1447,2016-10-03,45.0
1448,2016-10-04,49.0
1449,2016-10-05,49.0
1450,2016-10-06,52.0
1451,2016-10-07,55.0
1452,2016-10-10,55.0
1453,2016-10-11,47.0
1454,2016-10-12,45.0
1455,2016-10-13,34.0
1456,2016-10-14,33.0
1457,2016-10-17,33.0
1458,2016-10-18,38.0
1459,2016-10-19,41.0
1460,2016-10-20,38.0
1461,2016-10-21,44.0
1462,2016-10-24,49.0
1463,2016-10-25,49.0
1464,2016-10-26,43.0
1465,2016-10-27,46.0
1466,2016-10-28,33.0
1467,2016-10-31,26.0
1468,2016-11-01,22.0
1469,2016-11-02,18.0
1470,2016-11-03,14.0
1471,2016-11-04,14.0
1472,2016-11-07,34.0
1473,2016-11-08,30.0
1474,2016-11-09,42.0
1475,2016-11-10,38.0
1476,2016-11-11,48.0
1477,2016-11-14,57.0
1478,2016-11-15,63.0
1479,2016-11-16,60.0
1480,2016-11-17,63.0
1481,2016-11-18,61.0
1482,2016-11-21,68.0
1483,2016-11-22,67.0
1484,2016-11-23,70.0
1485,2016-11-25,71.0
1486,2016-11-28,72.0
1487,2016-11-29,72.0
1488,2016-11-30,73.0
1489,2016-12-01,71.0
1490,2016-12-02,71.0
1491,2016-12-05,75.0
1492,2016-12-06,79.0
1493,2016-12-07,83.0
1494,2016-12-08,83.0
1495,2016-12-09,86.0
1496,2016-12-12,87.0
1497,2016-12-13,86.0
1498,2016-12-14,86.0
1499,2016-12-15,86.0
1500,2016-12-16,84.0
1501,2016-12-19,79.0
1502,2016-12-20,75.0
1503,2016-12-21,75.0
1504,2016-12-22,71.0
1505,2016-12-23,66.0
1506,2016-12-27,70.0
1507,2016-12-28,66.0
1508,2016-12-29,65.0
1509,2016-12-30,58.0
1510,2017-01-03,70.0
1511,2017-01-04,70.0
1512,2017-01-05,70.0
1513,2017-01-06,68.0
1514,2017-01-09,62.0
1515,2017-01-10,62.0
1516,2017-01-11,61.0
1517,2017-01-12,55.0
1518,2017-01-13,58.0
1519,2017-01-17,58.0
1520,2017-01-18,55.0
1521,2017-01-19,53.0
1522,2017-01-20,53.0
1523,2017-01-23,55.0
1524,2017-01-24,59.0
1525,2017-01-25,55.0
1526,2017-01-26,58.0
1527,2017-01-27,60.0
1528,2017-01-30,55.0
1529,2017-01-31,54.0
1530,2017-02-01,55.0
1531,2017-02-02,51.0
1532,2017-02-03,60.0
1533,2017-02-06,57.0
1534,2017-02-07,57.0
1535,2017-02-08,61.0
1536,2017-02-09,66.0
1537,2017-02-10,70.0
1538,2017-02-13,72.0
1539,2017-02-14,78.0
1540,2017-02-15,80.0
1541,2017-02-16,79.0
1542,2017-02-17,78.0
1543,2017-02-21,83.0
1544,2017-02-22,80.0
1545,2017-02-23,75.0
1546,2017-02-24,68.0
1547,2017-02-27,71.0
1548,2017-02-28,64.0
1549,2017-03-01,81.0
1550,2017-03-02,78.0
1551,2017-03-03,77.0
1552,2017-03-06,69.0
1553,2017-03-07,65.0
1554,2017-03-08,65.0
1555,2017-03-09,62.0
1556,2017-03-10,65.0
1557,2017-03-13,64.0
1558,2017-03-14,58.0
1559,2017-03-15,50.0
1560,2017-03-16,51.0
1561,2017-03-17,45.0
1562,2017-03-20,43.0
1563,2017-03-21,37.0
1564,2017-03-22,32.0
1565,2017-03-23,31.0
1566,2017-03-24,31.0
1567,2017-03-27,27.0
1568,2017-03-28,39.0
1569,2017-03-29,39.0
1570,2017-03-30,43.0
1571,2017-03-31,47.0
1572,2017-04-03,45.0
1573,2017-04-04,43.0
1574,2017-04-05,43.0
1575,2017-04-06,43.0
1576,2017-04-07,40.0
1577,2017-04-10,32.0
1578,2017-04-11,31.0
1579,2017-04-12,28.0
1580,2017-04-13,25.0
1581,2017-04-17,30.0
1582,2017-04-18,32.0
1583,2017-04-19,30.0
1584,2017-04-20,34.0
1585,2017-04-21,37.0
1586,2017-04-24,39.0
1587,2017-04-25,46.0
1588,2017-04-26,48.0
1589,2017-04-27,50.0
1590,2017-04-28,49.0
1591,2017-05-01,51.0
1592,2017-05-02,47.0
1593,2017-05-03,47.0
1594,2017-05-04,45.0
1595,2017-05-05,47.0
1596,2017-05-08,55.0
1597,2017-05-09,61.0
1598,2017-05-10,61.0
1599,2017-05-11,63.0
1600,2017-05-12,62.0
1601,2017-05-15,54.0
1602,2017-05-16,66.0
1603,2017-05-17,45.0
1604,2017-05-18,47.0
1605,2017-05-19,49.0
1606,2017-05-22,52.0
1607,2017-05-23,49.0
1608,2017-05-24,54.0
1609,2017-05-25,57.0
1610,2017-05-26,58.0
1611,2017-05-30,52.0
1612,2017-05-31,50.0
1613,2017-06-01,58.0
1614,2017-06-02,57.0
1615,2017-06-05,58.0
1616,2017-06-06,55.0
1617,2017-06-07,55.0
1618,2017-06-08,55.0
1619,2017-06-09,54.0
1620,2017-06-12,53.0
1621,2017-06-13,55.0
1622,2017-06-14,52.0
1623,2017-06-15,52.0
1624,2017-06-16,50.0
1625,2017-06-19,57.0
1626,2017-06-20,50.0
1627,2017-06-21,47.0
1628,2017-06-22,50.0
1629,2017-06-23,52.0
1630,2017-06-26,53.0
1631,2017-06-27,48.0
1632,2017-06-28,60.0
1633,2017-06-29,47.0
1634,2017-06-30,49.0
1635,2017-07-03,52.0
1636,2017-07-05,57.0
1637,2017-07-06,44.0
1638,2017-07-07,49.0
1639,2017-07-10,46.0
1640,2017-07-11,44.0
1641,2017-07-12,47.0
1642,2017-07-13,54.0
1643,2017-07-14,64.0
1644,2017-07-17,67.0
1645,2017-07-18,74.0
1646,2017-07-19,69.0
1647,2017-07-20,73.0
1648,2017-07-21,73.0
1649,2017-07-24,73.0
1650,2017-07-25,70.0
1651,2017-07-26,75.0
1652,2017-07-27,73.0
1653,2017-07-28,69.0
1654,2017-07-31,66.0
1655,2017-08-01,66.0
1656,2017-08-02,61.0
1657,2017-08-03,59.0
1658,2017-08-04,64.0
1659,2017-08-07,58.0
1660,2017-08-08,52.0
1661,2017-08-09,41.0
1662,2017-08-10,31.0
1663,2017-08-11,25.0
1664,2017-08-14,36.0
1665,2017-08-15,27.0
1666,2017-08-16,32.0
1667,2017-08-17,17.0
1668,2017-08-18,17.0
1669,2017-08-21,15.0
1670,2017-08-22,23.0
1671,2017-08-23,19.0
1672,2017-08-24,22.0
1673,2017-08-25,29.0
1674,2017-08-28,35.0
1675,2017-08-29,29.0
1676,2017-08-30,34.0
1677,2017-08-31,43.0
1678,2017-09-01,49.0
1679,2017-09-05,62.0
1680,2017-09-06,41.0
1681,2017-09-07,38.0
1682,2017-09-08,38.0
1683,2017-09-11,59.0
1684,2017-09-12,59.0
1685,2017-09-13,67.0
1686,2017-09-14,68.0
1687,2017-09-15,77.0
1688,2017-09-18,80.0
1689,2017-09-19,81.0
1690,2017-09-20,79.0
1691,2017-09-21,73.0
1692,2017-09-22,70.0
1693,2017-09-25,72.0
1694,2017-09-26,67.0
1695,2017-09-27,73.0
1696,2017-09-28,79.0
1697,2017-09-29,84.0
1698,2017-10-02,91.0
1699,2017-10-03,92.0
1700,2017-10-04,91.0
1701,2017-10-05,94.0
1702,2017-10-06,92.0
1703,2017-10-09,84.0
1704,2017-10-10,85.0
1705,2017-10-11,83.0
1706,2017-10-12,79.0
1707,2017-10-13,74.0
1708,2017-10-16,78.0
1709,2017-10-17,78.0
1710,2017-10-18,82.0
1711,2017-10-19,83.0
1712,2017-10-20,89.0
1713,2017-10-23,80.0
1714,2017-10-24,75.0
1715,2017-10-25,75.0
1716,2017-10-26,71.0
1717,2017-10-27,74.0
1718,2017-10-30,65.0
1719,2017-10-31,69.0
1720,2017-11-01,69.0
1721,2017-11-02,66.0
1722,2017-11-03,66.0
1723,2017-11-06,58.0
1724,2017-11-07,61.0
1725,2017-11-08,54.0
1726,2017-11-09,54.0
1727,2017-11-10,59.0
1728,2017-11-13,49.0
1729,2017-11-14,49.0
1730,2017-11-15,36.0
1731,2017-11-16,50.0
1732,2017-11-17,44.0
1733,2017-11-20,51.0
1734,2017-11-21,54.0
1735,2017-11-22,54.0
1736,2017-11-24,59.0
1737,2017-11-27,51.0
1738,2017-11-28,60.0
1739,2017-11-29,67.0
1740,2017-11-30,73.0
1741,2017-12-01,70.0
1742,2017-12-04,64.0
1743,2017-12-05,60.0
1744,2017-12-06,62.0
1745,2017-12-07,60.0
1746,2017-12-08,62.0
1747,2017-12-11,62.0
1748,2017-12-12,67.0
1749,2017-12-13,67.0
1750,2017-12-14,69.0
1751,2017-12-15,68.0
1752,2017-12-18,74.0
1753,2017-12-19,72.0
1754,2017-12-20,72.0
1755,2017-12-21,68.0
1756,2017-12-22,66.0
1757,2017-12-26,64.0
1758,2017-12-27,61.0
1759,2017-12-28,58.0
1760,2017-12-29,53.0
1761,2018-01-02,67.0
1762,2018-01-03,67.0
1763,2018-01-04,72.0
1764,2018-01-05,75.0
1765,2018-01-08,75.0
1766,2018-01-09,75.0
1767,2018-01-10,75.0
1768,2018-01-11,77.0
1769,2018-01-12,79.0
1770,2018-01-16,75.0
1771,2018-01-17,75.0
1772,2018-01-18,72.0
1773,2018-01-19,80.0
1774,2018-01-22,78.0
1775,2018-01-23,78.0
1776,2018-01-24,78.0
1777,2018-01-25,77.0
1778,2018-01-26,79.0
1779,2018-01-29,62.0
1780,2018-01-30,61.0
1781,2018-01-31,61.0
1782,2018-02-01,58.0
1783,2018-02-02,17.0
1784,2018-02-05,18.0
1785,2018-02-06,18.0
1786,2018-02-07,16.0
1787,2018-02-08,10.0
1788,2018-02-09,10.0
1789,2018-02-12,13.0
1790,2018-02-13,10.0
1791,2018-02-14,15.0
1792,2018-02-15,18.0
1793,2018-02-16,18.0
1794,2018-02-20,17.0
1795,2018-02-21,15.0
1796,2018-02-22,18.0
1797,2018-02-23,18.0
1798,2018-02-26,20.0
1799,2018-02-27,17.0
1800,2018-02-28,15.0
1801,2018-03-01,8.0
1802,2018-03-02,10.0
1803,2018-03-05,14.0
1804,2018-03-06,26.0
1805,2018-03-07,23.0
1806,2018-03-08,25.0
1807,2018-03-09,44.0
1808,2018-03-12,40.0
1809,2018-03-13,36.0
1810,2018-03-14,29.0
1811,2018-03-15,21.0
1812,2018-03-16,19.0
1813,2018-03-19,14.0
1814,2018-03-20,16.0
1815,2018-03-21,16.0
1816,2018-03-22,11.0
1817,2018-03-23,7.0
1818,2018-03-26,8.0
1819,2018-03-27,6.0
1820,2018-03-28,7.0
1821,2018-03-29,8.0
1822,2018-04-02,7.0
1823,2018-04-03,9.0
1824,2018-04-04,11.0
1825,2018-04-05,13.0
1826,2018-04-06,9.0
1827,2018-04-09,12.0
1828,2018-04-10,14.0
1829,2018-04-11,18.0
1830,2018-04-12,22.0
1831,2018-04-13,23.0
1832,2018-04-16,25.0
1833,2018-04-17,28.0
1834,2018-04-18,32.0
1835,2018-04-19,32.0
1836,2018-04-20,38.0
1837,2018-04-23,40.0
1838,2018-04-24,32.0
1839,2018-04-25,38.0
1840,2018-04-26,42.0
1841,2018-04-27,40.0
1842,2018-04-30,42.0
1843,2018-05-01,38.0
1844,2018-05-02,39.0
1845,2018-05-03,32.0
1846,2018-05-04,40.0
1847,2018-05-07,41.0
1848,2018-05-08,49.0
1849,2018-05-09,49.0
1850,2018-05-10,53.0
1851,2018-05-11,54.0
1852,2018-05-14,54.0
1853,2018-05-15,55.0
1854,2018-05-16,53.0
1855,2018-05-17,53.0
1856,2018-05-18,52.0
1857,2018-05-21,56.0
1858,2018-05-22,59.0
1859,2018-05-23,54.0
1860,2018-05-24,48.0
1861,2018-05-25,44.0
1862,2018-05-29,34.0
1863,2018-05-30,42.0
1864,2018-05-31,43.0
1865,2018-06-01,52.0
1866,2018-06-04,55.0
1867,2018-06-05,58.0
1868,2018-06-06,65.0
1869,2018-06-07,62.0
1870,2018-06-08,63.0
1871,2018-06-11,64.0
1872,2018-06-12,65.0
1873,2018-06-13,64.0
1874,2018-06-14,63.0
1875,2018-06-15,61.0
1876,2018-06-18,61.0
1877,2018-06-19,53.0
1878,2018-06-20,57.0
1879,2018-06-21,52.0
1880,2018-06-22,52.0
1881,2018-06-25,42.0
1882,2018-06-26,47.0
1883,2018-06-27,36.0
1884,2018-06-28,39.0
1885,2018-06-29,34.0
1886,2018-07-02,35.0
1887,2018-07-03,32.0
1888,2018-07-05,33.0
1889,2018-07-06,40.0
1890,2018-07-09,47.0
1891,2018-07-10,45.0
1892,2018-07-11,41.0
1893,2018-07-12,49.0
1894,2018-07-13,47.0
1895,2018-07-16,45.0
1896,2018-07-17,49.0
1897,2018-07-18,56.0
1898,2018-07-19,50.0
1899,2018-07-20,53.0
1900,2018-07-23,58.0
1901,2018-07-24,64.0
1902,2018-07-25,70.0
1903,2018-07-26,72.0
1904,2018-07-27,67.0
1905,2018-07-30,64.0
1906,2018-07-31,66.0
1907,2018-08-01,66.0
1908,2018-08-02,68.0
1909,2018-08-03,71.0
1910,2018-08-06,72.0
1911,2018-08-07,73.0
1912,2018-08-08,74.0
1913,2018-08-09,70.0
1914,2018-08-10,56.0
1915,2018-08-13,56.0
1916,2018-08-14,58.0
1917,2018-08-15,46.0
1918,2018-08-16,51.0
1919,2018-08-17,54.0
1920,2018-08-20,61.0
1921,2018-08-21,61.0
1922,2018-08-22,61.0
1923,2018-08-23,59.0
1924,2018-08-24,68.0
1925,2018-08-27,77.0
1926,2018-08-28,78.0
1927,2018-08-29,78.0
1928,2018-08-30,73.0
1929,2018-08-31,71.0
1930,2018-09-04,67.0
1931,2018-09-05,62.0
1932,2018-09-06,53.0
1933,2018-09-07,52.0
1934,2018-09-10,56.0
1935,2018-09-11,59.0
1936,2018-09-12,59.0
1937,2018-09-13,72.0
1938,2018-09-14,73.0
1939,2018-09-17,67.0
1940,2018-09-18,73.0
1941,2018-09-19,71.0
1942,2018-09-20,74.0
1943,2018-09-21,75.0
1944,2018-09-24,70.0
1945,2018-09-25,64.0
1946,2018-09-26,53.0
1947,2018-09-27,48.0
1948,2018-09-28,47.0
1949,2018-10-01,49.0
1950,2018-10-02,45.0
1951,2018-10-03,51.0
1952,2018-10-04,43.0
1953,2018-10-05,33.0
1954,2018-10-08,28.0
1955,2018-10-09,23.0
1956,2018-10-10,8.0
1957,2018-10-11,5.0
1958,2018-10-12,11.0
1959,2018-10-15,11.0
1960,2018-10-16,13.0
1961,2018-10-17,14.0
1962,2018-10-18,12.0
1963,2018-10-19,14.0
1964,2018-10-22,16.0
1965,2018-10-23,12.0
1966,2018-10-24,6.0
1967,2018-10-25,9.0
1968,2018-10-26,7.0
1969,2018-10-29,7.0
1970,2018-10-30,7.0
1971,2018-10-31,7.0
1972,2018-11-01,6.0
1973,2018-11-02,8.0
1974,2018-11-05,9.0
1975,2018-11-06,12.0
1976,2018-11-07,25.0
1977,2018-11-08,29.0
1978,2018-11-09,18.0
1979,2018-11-12,11.0
1980,2018-11-13,10.0
1981,2018-11-14,7.0
1982,2018-11-15,10.0
1983,2018-11-16,10.0
1984,2018-11-19,8.0
1985,2018-11-20,7.0
1986,2018-11-21,13.0
1987,2018-11-23,9.0
1988,2018-11-26,17.0
1989,2018-11-27,19.0
1990,2018-11-28,21.0
1991,2018-11-29,23.0
1992,2018-11-30,22.0
1993,2018-12-03,20.0
1994,2018-12-04,20.0
1995,2018-12-06,15.0
1996,2018-12-07,11.0
1997,2018-12-10,9.0
1998,2018-12-11,8.0
1999,2018-12-12,10.0
2000,2018-12-13,11.0
2001,2018-12-14,8.0
2002,2018-12-17,10.0
2003,2018-12-18,8.0
2004,2018-12-19,8.0
2005,2018-12-20,5.0
2006,2018-12-21,3.0
2007,2018-12-24,2.0
2008,2018-12-26,4.0
2009,2018-12-27,8.0
2010,2018-12-28,12.0
2011,2018-12-31,12.0
2012,2019-01-02,12.0
2013,2019-01-03,10.0
2014,2019-01-04,16.0
2015,2019-01-07,19.0
2016,2019-01-08,22.0
2017,2019-01-09,27.0
2018,2019-01-10,31.0
2019,2019-01-11,30.0
2020,2019-01-14,28.0
2021,2019-01-15,31.0
2022,2019-01-16,36.0
2023,2019-01-17,44.0
2024,2019-01-18,51.0
2025,2019-01-22,51.0
2026,2019-01-23,55.0
2027,2019-01-24,58.0
2028,2019-01-25,58.0
2029,2019-01-28,55.0
2030,2019-01-29,55.0
2031,2019-01-30,58.0
2032,2019-01-31,58.0
2033,2019-02-01,61.0
2034,2019-02-04,62.0
2035,2019-02-05,64.0
2036,2019-02-06,63.0
2037,2019-02-07,63.0
2038,2019-02-08,63.0
2039,2019-02-11,62.0
2040,2019-02-12,67.0
2041,2019-02-13,65.0
2042,2019-02-14,67.0
2043,2019-02-15,67.0
2044,2019-02-19,69.0
2045,2019-02-20,70.0
2046,2019-02-21,70.0
2047,2019-02-22,69.0
2048,2019-02-25,70.0
2049,2019-02-26,70.0
2050,2019-02-27,72.0
2051,2019-02-28,72.0
2052,2019-03-01,71.0
2053,2019-03-04,65.0
2054,2019-03-05,63.0
2055,2019-03-06,61.0
2056,2019-03-07,58.0
2057,2019-03-08,55.0
2058,2019-03-11,59.0
2059,2019-03-12,59.0
2060,2019-03-13,60.0
2061,2019-03-14,60.0
2062,2019-03-15,65.0
2063,2019-03-18,67.0
2064,2019-03-19,67.0
2065,2019-03-20,64.0
2066,2019-03-21,64.0
2067,2019-03-22,59.0
2068,2019-03-25,55.0
2069,2019-03-26,51.0
2070,2019-03-27,52.0
2071,2019-03-28,48.0
2072,2019-03-29,49.0
2073,2019-04-01,56.0
2074,2019-04-02,56.0
2075,2019-04-03,64.0
2076,2019-04-04,70.0
2077,2019-04-05,74.0
2078,2019-04-08,72.0
2079,2019-04-09,70.0
2080,2019-04-10,72.0
2081,2019-04-11,68.0
2082,2019-04-12,72.0
2083,2019-04-15,70.0
2084,2019-04-16,69.0
2085,2019-04-17,71.0
2086,2019-04-18,70.0
2087,2019-04-22,71.0
2088,2019-04-23,73.0
2089,2019-04-24,70.0
2090,2019-04-25,71.0
2091,2019-04-26,72.0
2092,2019-04-29,69.0
2093,2019-04-30,65.0
2094,2019-05-01,65.0
2095,2019-05-02,59.0
2096,2019-05-03,58.0
2097,2019-05-06,40.0
2098,2019-05-07,42.0
2099,2019-05-08,42.0
2100,2019-05-09,40.0
2101,2019-05-10,41.0
2102,2019-05-13,35.0
2103,2019-05-14,35.0
2104,2019-05-15,35.0
2105,2019-05-16,37.0
2106,2019-05-17,36.0
2107,2019-05-20,33.0
2108,2019-05-21,34.0
2109,2019-05-22,32.0
2110,2019-05-23,28.0
2111,2019-05-24,27.0
2112,2019-05-28,23.0
2113,2019-05-29,25.0
2114,2019-05-30,24.0
2115,2019-05-31,24.0
2116,2019-06-03,25.0
2117,2019-06-04,28.0
2118,2019-06-05,29.0
2119,2019-06-06,29.0
2120,2019-06-07,32.0
2121,2019-06-10,37.0
2122,2019-06-11,36.0
2123,2019-06-12,34.0
2124,2019-06-13,39.0
2125,2019-06-14,38.0
2126,2019-06-17,40.0
2127,2019-06-18,44.0
2128,2019-06-19,42.0
2129,2019-06-20,45.0
2130,2019-06-21,52.0
2131,2019-06-24,50.0
2132,2019-06-25,44.0
2133,2019-06-26,48.0
2134,2019-06-27,47.0
2135,2019-06-28,50.0
2136,2019-07-01,55.0
2137,2019-07-02,62.0
2138,2019-07-03,62.0
2139,2019-07-05,61.0
2140,2019-07-08,59.0
2141,2019-07-09,56.0
2142,2019-07-10,58.0
2143,2019-07-11,62.0
2144,2019-07-12,64.0
2145,2019-07-15,57.0
2146,2019-07-16,55.0
2147,2019-07-17,47.0
2148,2019-07-18,47.0
2149,2019-07-19,44.0
2150,2019-07-22,44.0
2151,2019-07-23,50.0
2152,2019-07-24,57.0
2153,2019-07-25,55.0
2154,2019-07-26,60.0
2155,2019-07-29,58.0
2156,2019-07-30,53.0
2157,2019-07-31,48.0
2158,2019-08-01,43.0
2159,2019-08-02,36.0
2160,2019-08-05,22.0
2161,2019-08-06,27.0
2162,2019-08-07,25.0
2163,2019-08-08,25.0
2164,2019-08-09,25.0
2165,2019-08-12,23.0
2166,2019-08-13,27.0
2167,2019-08-14,21.0
2168,2019-08-15,19.0
2169,2019-08-16,20.0
2170,2019-08-19,26.0
2171,2019-08-20,23.0
2172,2019-08-21,25.0
2173,2019-08-22,25.0
2174,2019-08-23,18.0
2175,2019-08-26,19.0
2176,2019-08-27,16.0
2177,2019-08-28,18.0
2178,2019-08-29,26.0
2179,2019-08-30,23.0
2180,2019-09-03,25.0
2181,2019-09-04,28.0
2182,2019-09-05,39.0
2183,2019-09-06,35.0
2184,2019-09-09,45.0
2185,2019-09-10,55.0
2186,2019-09-11,57.0
2187,2019-09-12,65.0
2188,2019-09-13,68.0
2189,2019-09-16,67.0
2190,2019-09-17,66.0
2191,2019-09-18,66.0
2192,2019-09-19,63.0
2193,2019-09-20,58.0
2194,2019-09-23,59.0
2195,2019-09-24,54.0
2196,2019-09-25,59.0
2197,2019-09-26,57.0
2198,2019-09-27,52.0
2199,2019-09-30,54.0
2200,2019-10-01,48.0
2201,2019-10-02,34.0
2202,2019-10-03,29.0
2203,2019-10-04,32.0
2204,2019-10-07,30.0
2205,2019-10-08,29.0
2206,2019-10-09,30.0
2207,2019-10-10,36.0
2208,2019-10-11,42.0
2209,2019-10-14,42.0
2210,2019-10-15,42.0
2211,2019-10-16,47.0
2212,2019-10-17,50.0
2213,2019-10-18,50.0
2214,2019-10-21,56.0
2215,2019-10-22,59.0
2216,2019-10-23,55.0
2217,2019-10-24,57.0
2218,2019-10-25,62.0
2219,2019-10-28,67.0
2220,2019-10-29,71.0
2221,2019-10-30,75.0
2222,2019-10-31,72.0
2223,2019-11-01,80.0
2224,2019-11-04,86.0
2225,2019-11-05,89.0
2226,2019-11-06,88.0
2227,2019-11-07,91.0
2228,2019-11-08,91.0
2229,2019-11-11,89.0
2230,2019-11-12,88.0
2231,2019-11-13,87.0
2232,2019-11-14,83.0
2233,2019-11-15,87.0
2234,2019-11-18,83.0
2235,2019-11-19,80.0
2236,2019-11-20,74.0
2237,2019-11-21,70.0
2238,2019-11-22,69.0
2239,2019-11-25,70.0
2240,2019-11-26,69.0
2241,2019-11-27,78.0
2242,2019-11-29,79.0
2243,2019-12-02,74.0
2244,2019-12-03,63.0
2245,2019-12-04,67.0
2246,2019-12-05,67.0
2247,2019-12-06,70.0
2248,2019-12-09,68.0
2249,2019-12-10,65.0
2250,2019-12-11,61.0
2251,2019-12-12,74.0
2252,2019-12-13,75.0
2253,2019-12-16,82.0
2254,2019-12-17,85.0
2255,2019-12-18,87.0
2256,2019-12-19,90.0
2257,2019-12-20,91.0
2258,2019-12-23,92.0
2259,2019-12-24,91.0
2260,2019-12-26,93.0
2261,2019-12-27,91.0
2262,2019-12-30,90.0
2263,2019-12-31,93.0
2264,2020-01-02,97.0
2265,2020-01-03,93.0
2266,2020-01-06,93.0
2267,2020-01-07,89.0
2268,2020-01-08,92.0
2269,2020-01-09,93.0
2270,2020-01-10,91.0
2271,2020-01-13,90.0
2272,2020-01-14,91.0
2273,2020-01-15,87.0
2274,2020-01-16,89.0
2275,2020-01-17,89.0
2276,2020-01-21,82.0
2277,2020-01-22,74.0
2278,2020-01-23,68.0
2279,2020-01-24,62.0
2280,2020-01-27,48.0
2281,2020-01-28,52.0
2282,2020-01-29,53.0
2283,2020-01-30,56.0
2284,2020-01-31,44.0
2285,2020-02-03,46.0
2286,2020-02-04,55.0
2287,2020-02-05,60.0
2288,2020-02-06,64.0
2289,2020-02-07,57.0
2290,2020-02-10,55.0
2291,2020-02-11,56.0
2292,2020-02-12,59.0
2293,2020-02-13,58.0
2294,2020-02-14,55.0
2295,2020-02-18,51.0
2296,2020-02-19,53.0
2297,2020-02-20,50.0
2298,2020-02-21,44.0
2299,2020-02-24,29.0
2300,2020-02-25,22.0
2301,2020-02-26,21.0
2302,2020-02-27,13.0
2303,2020-02-28,10.0
2304,2020-03-02,14.0
2305,2020-03-03,10.0
2306,2020-03-04,15.0
2307,2020-03-05,9.0
2308,2020-03-06,7.0
2309,2020-03-09,3.0
2310,2020-03-10,6.0
2311,2020-03-11,4.0
2312,2020-03-12,2.0
2313,2020-03-13,5.0
2314,2020-03-16,3.0
2315,2020-03-17,4.0
2316,2020-03-18,5.0
2317,2020-03-19,7.0
2318,2020-03-20,8.0
2319,2020-03-23,5.0
2320,2020-03-24,13.0
2321,2020-03-25,17.0
2322,2020-03-26,22.0
2323,2020-03-27,23.0
2324,2020-03-30,25.0
2325,2020-03-31,25.0
2326,2020-04-01,22.0
2327,2020-04-02,21.0
2328,2020-04-03,22.0
2329,2020-04-06,27.0
2330,2020-04-07,25.0
2331,2020-04-08,31.0
2332,2020-04-09,43.0
2333,2020-04-13,37.0
2334,2020-04-14,45.0
2335,2020-04-15,41.0
2336,2020-04-16,42.0
2337,2020-04-17,44.0
2338,2020-04-20,41.0
2339,2020-04-21,40.0
2340,2020-04-22,40.0
2341,2020-04-23,40.0
2342,2020-04-24,39.0
2343,2020-04-27,42.0
2344,2020-04-28,41.0
2345,2020-04-29,47.0
2346,2020-04-30,47.0
2347,2020-05-01,42.0
2348,2020-05-04,44.0
2349,2020-05-05,44.0
2350,2020-05-06,40.0
2351,2020-05-07,40.0
2352,2020-05-08,45.0
2353,2020-05-11,44.0
2354,2020-05-12,39.0
2355,2020-05-13,39.0
2356,2020-05-14,38.0
2357,2020-05-15,39.0
2358,2020-05-18,47.0
2359,2020-05-19,48.0
2360,2020-05-20,52.0
2361,2020-05-21,52.0
2362,2020-05-22,50.0
2363,2020-05-26,50.0
2364,2020-05-27,53.0
2365,2020-05-28,50.0
2366,2020-05-29,52.0
2367,2020-06-01,58.0
2368,2020-06-02,58.0
2369,2020-06-03,60.0
2370,2020-06-04,62.0
2371,2020-06-05,66.0
2372,2020-06-08,67.0
2373,2020-06-09,67.0
2374,2020-06-10,67.0
2375,2020-06-11,56.0
2376,2020-06-12,54.0
2377,2020-06-15,53.0
2378,2020-06-16,52.0
2379,2020-06-17,52.0
2380,2020-06-18,51.0
2381,2020-06-19,52.0
2382,2020-06-22,52.0
2383,2020-06-23,52.0
2384,2020-06-24,48.0
2385,2020-06-25,49.0
2386,2020-06-26,45.0
2387,2020-06-29,48.0
2388,2020-06-30,47.0
2389,2020-07-01,48.0
2390,2020-07-02,50.0
2391,2020-07-06,51.0
2392,2020-07-07,49.0
2393,2020-07-08,52.0
2394,2020-07-09,53.0
2395,2020-07-10,59.0
2396,2020-07-13,53.0
2397,2020-07-14,61.0
2398,2020-07-15,62.0
2399,2020-07-16,62.0
2400,2020-07-17,63.0
2401,2020-07-20,65.0
2402,2020-07-21,65.0
2403,2020-07-22,65.0
2404,2020-07-23,68.0
2405,2020-07-24,63.0
2406,2020-07-27,65.0
2407,2020-07-28,63.0
2408,2020-07-29,64.0
2409,2020-07-30,62.0
2410,2020-07-31,65.0
2411,2020-08-03,67.0
2412,2020-08-04,67.0
2413,2020-08-05,70.0
2414,2020-08-06,73.0
2415,2020-08-07,72.0
2416,2020-08-10,75.0
2417,2020-08-11,71.0
2418,2020-08-12,73.0
2419,2020-08-13,72.0
2420,2020-08-14,72.0
2421,2020-08-17,71.0
2422,2020-08-18,70.0
2423,2020-08-19,68.0
2424,2020-08-20,70.0
2425,2020-08-21,70.0
2426,2020-08-24,71.0
2427,2020-08-25,73.0
2428,2020-08-26,74.0
2429,2020-08-27,76.0
2430,2020-08-28,77.0
2431,2020-08-31,74.0
2432,2020-09-01,77.0
2433,2020-09-02,78.0
2434,2020-09-03,60.0
2435,2020-09-04,59.0
2436,2020-09-08,55.0
2437,2020-09-09,65.0
2438,2020-09-10,59.0
2439,2020-09-11,58.0
2440,2020-09-14,59.0
2441,2020-09-15,59.0
2442,2020-09-16,56.0
2443,2020-09-17,53.0
2444,2020-09-18,52.0
2445,2021-01-22,68.9
2446,2021-01-23,69.7
2447,2021-01-24,69.7
2448,2021-01-25,69.7
2449,2021-01-26,67.4
2450,2021-01-27,28.200000000000003
2451,2021-01-28,52.900000000000006
2452,2021-01-29,40.966666666666676
2453,2021-01-30,43.400000000000006
2454,2021-01-31,43.400000000000006
2455,2021-02-01,43.400000000000006
2456,2021-02-02,60.46666666666667
2457,2021-02-03,59.199999999999996
2458,2021-02-04,61.06666666666667
2459,2021-02-05,68.0
2460,2021-02-06,72.86666666666667
2461,2021-02-07,72.86666666666667
2462,2021-02-08,72.86666666666667
2463,2021-02-09,75.4
2464,2021-02-10,75.26666666666667
2465,2021-02-11,76.0
2466,2021-02-12,77.66666666666667
2467,2021-02-13,73.93333333333334
2468,2021-02-14,73.93333333333334
2469,2021-02-15,73.93333333333334
2470,2021-02-16,73.93333333333334
2471,2021-02-17,70.2
2472,2021-02-18,62.53333333333334
2473,2021-02-19,56.239999999999995
2474,2021-02-20,52.48
2475,2021-02-21,52.48
2476,2021-02-22,52.48
2477,2021-02-23,50.56
2478,2021-02-24,63.8
2479,2021-02-25,46.160000000000004
2480,2021-02-26,53.52
2481,2021-02-27,58.52
2482,2021-02-28,58.52
2483,2021-03-01,58.52
2484,2021-03-02,50.32000000000001
2485,2021-03-03,43.84
2486,2021-03-04,37.8
2487,2021-03-05,41.52
2488,2021-03-06,39.08
2489,2021-03-07,39.08
2490,2021-03-08,39.08
2491,2021-03-09,43.36
2492,2021-03-10,45.56
2493,2021-03-11,50.480000000000004
2494,2021-03-12,53.720000000000006
2495,2021-03-13,56.52
2496,2021-03-14,56.52
2497,2021-03-15,56.52
2498,2021-03-16,54.8
2499,2021-03-17,57.86666666666667
2500,2021-03-18,52.333333333333336
2501,2021-03-19,50.833333333333336
2502,2021-03-20,50.699999999999996
2503,2021-03-21,50.699999999999996
2504,2021-03-22,50.699999999999996
2505,2021-03-23,41.800000000000004
2506,2021-03-24,37.66666666666667
2507,2021-03-25,37.833333333333336
2508,2021-03-26,37.56666666666667
2509,2021-03-27,39.56666666666667
2510,2021-03-28,39.56666666666667
2511,2021-03-29,39.56666666666667
2512,2021-03-30,42.03333333333334
2513,2021-03-31,44.56666666666667
2514,2021-04-01,46.400000000000006
2515,2021-04-02,54.56666666666667
2516,2021-04-03,54.56666666666667
2517,2021-04-04,54.56666666666667
2518,2021-04-05,54.56666666666667
2519,2021-04-06,53.5
2520,2021-04-07,52.53333333333333
2521,2021-04-08,48.099999999999994
2522,2021-04-09,47.5
2523,2021-04-10,43.43333333333334
2524,2021-04-11,43.43333333333334
2525,2021-04-12,43.43333333333334
2526,2021-04-13,43.63333333333333
2527,2021-04-14,39.96666666666667
2528,2021-04-15,47.16666666666668
2529,2021-04-16,51.300000000000004
2530,2021-04-17,45.26666666666667
2531,2021-04-18,45.26666666666667
2532,2021-04-19,45.26666666666667
2533,2021-04-20,42.866666666666674
2534,2021-04-21,49.63333333333333
2535,2021-04-22,46.70000000000001
2536,2021-04-23,47.699999999999996
2537,2021-04-24,50.53333333333334
2538,2021-04-25,50.53333333333334
2539,2021-04-26,50.53333333333334
2540,2021-04-27,54.800000000000004
2541,2021-04-28,52.400000000000006
2542,2021-04-29,56.166666666666664
2543,2021-04-30,46.53333333333333
2544,2021-05-01,47.56666666666667
2545,2021-05-02,47.56666666666667
2546,2021-05-03,47.56666666666667
2547,2021-05-04,43.46666666666667
2548,2021-05-05,43.03333333333333
2549,2021-05-06,43.93333333333334
2550,2021-05-07,48.166666666666664
2551,2021-05-08,44.93333333333334
2552,2021-05-09,44.93333333333334
2553,2021-05-10,44.93333333333334
2554,2021-05-11,42.03333333333334
2555,2021-05-12,26.766666666666666
2556,2021-05-13,34.433333333333344
2557,2021-05-14,35.99999999999999
2558,2021-05-15,36.36666666666667
2559,2021-05-16,36.36666666666667
2560,2021-05-17,36.36666666666667
2561,2021-05-18,34.03333333333334
2562,2021-05-19,32.333333333333336
2563,2021-05-20,32.300000000000004
2564,2021-05-21,29.433333333333334
2565,2021-05-22,29.5
2566,2021-05-23,29.5
2567,2021-05-24,29.5
2568,2021-05-25,26.66666666666667
2569,2021-05-26,28.133333333333336
2570,2021-05-27,30.3
2571,2021-05-28,31.566666666666666
2572,2021-05-29,35.4
2573,2021-05-30,35.4
2574,2021-05-31,35.4
2575,2021-06-01,35.4
2576,2021-06-02,42.13333333333333
2577,2021-06-03,40.800000000000004
2578,2021-06-04,41.9
2579,2021-06-05,44.46666666666667
2580,2021-06-06,44.46666666666667
2581,2021-06-07,44.46666666666667
2582,2021-06-08,46.46666666666667
2583,2021-06-09,48.53333333333333
2584,2021-06-10,48.9
2585,2021-06-11,51.23333333333334
2586,2021-06-12,54.166666666666664
2587,2021-06-13,54.166666666666664
2588,2021-06-14,54.166666666666664
2589,2021-06-15,52.666666666666664
2590,2021-06-16,44.800000000000004
2591,2021-06-17,42.03333333333334
2592,2021-06-18,31.600000000000005
2593,2021-06-19,32.46666666666666
2594,2021-06-20,32.46666666666666
2595,2021-06-21,32.46666666666666
2596,2021-06-22,32.800000000000004
2597,2021-06-23,33.26666666666667
2598,2021-06-24,36.9
2599,2021-06-25,41.63333333333333
2600,2021-06-26,41.43333333333334
2601,2021-06-27,41.43333333333334
2602,2021-06-28,41.43333333333334
2603,2021-06-29,39.833333333333336
2604,2021-06-30,38.00000000000001
2605,2021-07-01,38.666666666666664
2606,2021-07-02,38.66666666666667
2607,2021-07-03,33.300000000000004
2608,2021-07-04,33.300000000000004
2609,2021-07-05,33.300000000000004
2610,2021-07-06,33.300000000000004
2611,2021-07-07,33.1
2612,2021-07-08,26.96666666666667
2613,2021-07-09,31.000000000000004
2614,2021-07-10,31.7
2615,2021-07-11,31.7
2616,2021-07-12,31.7
2617,2021-07-13,31.266666666666666
2618,2021-07-14,29.533333333333335
2619,2021-07-15,27.33333333333334
2620,2021-07-16,26.900000000000002
2621,2021-07-17,8.983333333333334
2622,2021-07-18,8.983333333333334
2623,2021-07-19,8.983333333333334
2624,2021-07-20,20.066666666666666
2625,2021-07-21,24.2
2626,2021-07-22,24.333333333333332
2627,2021-07-23,28.299999999999997
2628,2021-07-24,30.900000000000002
2629,2021-07-25,30.900000000000002
2630,2021-07-26,30.900000000000002
2631,2021-07-27,27.166666666666668
2632,2021-07-28,27.46666666666667
2633,2021-07-29,29.233333333333334
2634,2021-07-30,25.76666666666667
2635,2021-07-31,25.099999999999998
2636,2021-08-01,25.099999999999998
2637,2021-08-02,25.099999999999998
2638,2021-08-03,29.533333333333335
2639,2021-08-04,28.633333333333336
2640,2021-08-05,29.633333333333336
2641,2021-08-06,31.866666666666664
2642,2021-08-07,32.06666666666667
2643,2021-08-08,32.06666666666667
2644,2021-08-09,32.06666666666667
2645,2021-08-10,34.833333333333336
2646,2021-08-11,37.93333333333334
2647,2021-08-12,43.13333333333333
2648,2021-08-13,47.13333333333333
2649,2021-08-14,44.866666666666674
2650,2021-08-15,44.866666666666674
2651,2021-08-16,44.866666666666674
2652,2021-08-17,31.7
2653,2021-08-18,18.2
2654,2021-08-19,14.883333333333335
2655,2021-08-20,23.86666666666667
2656,2021-08-21,30.433333333333334
2657,2021-08-22,30.433333333333334
2658,2021-08-23,30.433333333333334
2659,2021-08-24,34.4
2660,2021-08-25,36.03333333333333
2661,2021-08-26,36.833333333333336
2662,2021-08-27,47.46666666666667
2663,2021-08-28,47.86666666666667
2664,2021-08-29,47.86666666666667
2665,2021-08-30,47.86666666666667
2666,2021-08-31,47.23333333333333
2667,2021-09-01,43.13333333333333
2668,2021-09-02,44.166666666666664
2669,2021-09-03,44.06666666666666
2670,2021-09-04,41.7
2671,2021-09-05,41.7
2672,2021-09-06,41.7
2673,2021-09-07,41.7
2674,2021-09-08,38.56666666666667
2675,2021-09-09,33.800000000000004
2676,2021-09-10,20.600000000000005
2677,2021-09-11,28.266666666666666
2678,2021-09-12,28.266666666666666
2679,2021-09-13,28.266666666666666
2680,2021-09-14,24.8
2681,2021-09-15,31.200000000000003
2682,2021-09-16,31.500000000000004
2683,2021-09-17,17.933333333333337
2684,2021-09-18,11.100000000000001
2685,2021-09-19,11.100000000000001
2686,2021-09-20,11.100000000000001
2687,2021-09-21,11.449999999999998
2688,2021-09-22,20.033333333333335
2689,2021-09-23,24.5
2690,2021-09-24,23.83333333333334
2691,2021-09-25,24.766666666666666
2692,2021-09-26,24.766666666666666
2693,2021-09-27,24.766666666666666
2694,2021-09-28,12.466666666666669
2695,2021-09-29,12.483333333333334
2696,2021-09-30,9.966666666666667
2697,2021-10-01,18.333333333333332
2698,2021-10-02,9.500000000000002
2699,2021-10-03,9.500000000000002
2700,2021-10-04,9.500000000000002
2701,2021-10-05,18.766666666666666
2702,2021-10-06,20.066666666666666
2703,2021-10-07,24.600000000000005
2704,2021-10-08,25.26666666666667
2705,2021-10-09,25.900000000000002
2706,2021-10-10,25.900000000000002
2707,2021-10-11,25.900000000000002
2708,2021-10-12,22.7
2709,2021-10-13,24.100000000000005
2710,2021-10-14,31.833333333333332
2711,2021-10-15,43.63333333333333
2712,2021-10-16,46.56666666666666
2713,2021-10-17,46.56666666666666
2714,2021-10-18,46.56666666666666
2715,2021-10-19,53.400000000000006
2716,2021-10-20,56.56666666666667
2717,2021-10-21,60.199999999999996
2718,2021-10-22,59.5
2719,2021-10-23,62.96666666666667
2720,2021-10-24,62.96666666666667
2721,2021-10-25,62.96666666666667
2722,2021-10-26,63.03333333333334
2723,2021-10-27,58.333333333333336
2724,2021-10-28,64.4
2725,2021-10-29,65.43333333333334
2726,2021-10-30,66.13333333333334
2727,2021-10-31,66.13333333333334
2728,2021-11-01,66.13333333333334
2729,2021-11-02,68.26666666666667
2730,2021-11-03,72.2
2731,2021-11-04,72.43333333333334
2732,2021-11-05,73.60000000000001
2733,2021-11-06,74.53333333333335
2734,2021-11-07,74.53333333333335
2735,2021-11-08,74.53333333333335
2736,2021-11-09,77.17142857142858
2737,2021-11-10,73.08571428571429
2738,2021-11-11,72.22857142857143
2739,2021-11-12,74.0
2740,2021-11-13,71.62857142857145
2741,2021-11-14,71.62857142857145
2742,2021-11-15,71.62857142857145
2743,2021-11-16,72.48571428571428
2744,2021-11-17,69.2
2745,2021-11-18,70.14285714285715
2746,2021-11-19,62.77142857142859
2747,2021-11-20,60.0
2748,2021-11-21,60.0
2749,2021-11-22,60.0
2750,2021-11-23,60.371428571428574
2751,2021-11-24,56.94285714285714
2752,2021-11-25,31.25714285714286
2753,2021-11-26,31.25714285714286
2754,2021-11-27,38.114285714285714
2755,2021-11-28,38.114285714285714
2756,2021-11-29,38.114285714285714
2757,2021-11-30,24.771428571428572
2758,2021-12-01,25.357142857142858
2759,2021-12-02,22.928571428571427
2760,2021-12-03,20.157142857142862
2761,2021-12-04,21.25714285714286
2762,2021-12-05,21.25714285714286
2763,2021-12-06,21.25714285714286
2764,2021-12-07,37.88571428571429
2765,2021-12-08,41.314285714285724
2766,2021-12-09,36.85714285714287
2767,2021-12-10,42.0
2768,2021-12-11,35.4
2769,2021-12-12,35.4
2770,2021-12-13,35.4
2771,2021-12-14,31.542857142857144
2772,2021-12-15,37.800000000000004
2773,2021-12-16,33.57142857142858
2774,2021-12-17,32.51428571428572
2775,2021-12-18,29.428571428571427
2776,2021-12-19,29.428571428571427
2777,2021-12-20,29.428571428571427
2778,2021-12-21,34.028571428571425
2779,2021-12-22,39.542857142857144
2780,2021-12-23,50.48571428571428
2781,2021-12-24,56.39999999999999
2782,2021-12-25,56.39999999999999
2783,2021-12-26,56.39999999999999
2784,2021-12-27,56.39999999999999
2785,2021-12-28,62.971428571428575
2786,2021-12-29,64.02857142857144
2787,2021-12-30,63.97142857142858
2788,2021-12-31,62.54285714285715
2789,2022-01-01,65.22857142857144
2790,2022-01-02,65.22857142857144
2791,2022-01-03,65.22857142857144
2792,2022-01-04,64.25714285714285
2793,2022-01-05,51.02857142857143
2794,2022-01-06,52.142857142857146
2795,2022-01-07,49.25714285714287
2796,2022-01-08,51.142857142857146
2797,2022-01-09,51.142857142857146
2798,2022-01-10,51.142857142857146
2799,2022-01-11,56.114285714285714
2800,2022-01-12,55.94285714285714
2801,2022-01-13,52.17142857142857
2802,2022-01-14,55.800000000000004
2803,2022-01-15,53.714285714285715
2804,2022-01-16,53.714285714285715
2805,2022-01-17,53.714285714285715
2806,2022-01-18,53.714285714285715
2807,2022-01-19,44.82857142857143
2808,2022-01-20,39.142857142857146
2809,2022-01-21,26.728571428571428
2810,2022-01-22,23.128571428571433
2811,2022-01-23,23.128571428571433
2812,2022-01-24,23.128571428571433
2813,2022-01-25,20.88571428571429
2814,2022-01-26,19.514285714285716
2815,2022-01-27,18.6
2816,2022-01-28,23.857142857142858
2817,2022-01-29,29.200000000000006
2818,2022-01-30,29.200000000000006
2819,2022-01-31,29.200000000000006
2820,2022-02-01,30.800000000000004
2821,2022-02-02,28.800000000000004
2822,2022-02-03,26.057142857142857
2823,2022-02-04,27.6
2824,2022-02-05,27.914285714285715
2825,2022-02-06,27.914285714285715
2826,2022-02-07,27.914285714285715
2827,2022-02-08,28.942857142857143
2828,2022-02-09,32.65714285714286
2829,2022-02-10,33.6
2830,2022-02-11,28.48571428571429
2831,2022-02-12,25.685714285714287
2832,2022-02-13,25.685714285714287
2833,2022-02-14,25.685714285714287
2834,2022-02-15,29.97142857142857
2835,2022-02-16,32.08571428571428
2836,2022-02-17,32.457142857142856
2837,2022-02-18,29.514285714285716
2838,2022-02-19,28.771428571428572
2839,2022-02-20,28.771428571428572
2840,2022-02-21,28.771428571428572
2841,2022-02-22,28.771428571428572
2842,2022-02-23,18.814285714285713
2843,2022-02-24,21.228571428571428
2844,2022-02-25,28.142857142857142
2845,2022-02-26,25.47142857142857
2846,2022-02-27,25.47142857142857
2847,2022-02-28,25.47142857142857
2848,2022-03-01,22.97142857142857
2849,2022-03-02,17.82857142857143
2850,2022-03-03,21.72857142857143
2851,2022-03-04,18.17142857142857
2852,2022-03-05,16.9
2853,2022-03-06,16.9
2854,2022-03-07,16.9
2855,2022-03-08,16.67142857142857
2856,2022-03-09,18.028571428571432
2857,2022-03-10,17.95714285714286
2858,2022-03-11,19.057142857142857
2859,2022-03-12,17.5
2860,2022-03-13,17.5
2861,2022-03-14,17.5
2862,2022-03-15,21.857142857142858
2863,2022-03-16,25.25714285714286
2864,2022-03-17,33.62857142857143
2865,2022-03-18,38.42857142857143
2866,2022-03-19,40.971428571428575
2867,2022-03-20,40.971428571428575
2868,2022-03-21,40.971428571428575
2869,2022-03-22,44.542857142857144
2870,2022-03-23,45.199999999999996
2871,2022-03-24,46.91428571428571
2872,2022-03-25,49.371428571428574
2873,2022-03-26,51.25714285714286
2874,2022-03-27,51.25714285714286
2875,2022-03-28,51.25714285714286
2876,2022-03-29,52.714285714285715
2877,2022-03-30,52.800000000000004
2878,2022-03-31,59.199999999999996
2879,2022-04-01,59.800000000000004
2880,2022-04-02,61.65714285714286
2881,2022-04-03,61.65714285714286
2882,2022-04-04,61.65714285714286
2883,2022-04-05,47.91428571428571
2884,2022-04-06,46.4
2885,2022-04-07,46.82857142857142
2886,2022-04-08,46.08571428571429
2887,2022-04-09,43.4
2888,2022-04-10,43.4
2889,2022-04-11,43.4
2890,2022-04-12,42.05714285714286
2891,2022-04-13,41.800000000000004
2892,2022-04-14,39.857142857142854
2893,2022-04-15,37.6
2894,2022-04-16,37.6
2895,2022-04-17,37.6
2896,2022-04-18,37.6
2897,2022-04-19,39.628571428571426
2898,2022-04-20,43.31428571428571
2899,2022-04-21,38.94285714285714
2900,2022-04-22,31.62857142857143
2901,2022-04-23,29.97142857142857
2902,2022-04-24,29.97142857142857
2903,2022-04-25,29.97142857142857
2904,2022-04-26,17.900000000000002
2905,2022-04-27,16.271428571428572
2906,2022-04-28,24.25714285714286
2907,2022-04-29,14.328571428571427
2908,2022-04-30,13.27142857142857
2909,2022-05-01,13.27142857142857
2910,2022-05-02,13.27142857142857
2911,2022-05-03,30.485714285714288
2912,2022-05-04,22.400000000000002
2913,2022-05-05,13.128571428571432
2914,2022-05-06,12.242857142857146
2915,2022-05-07,8.185714285714285
2916,2022-05-08,8.185714285714285
2917,2022-05-09,8.185714285714285
2918,2022-05-10,7.4
2919,2022-05-11,4.028571428571429
2920,2022-05-12,3.2
2921,2022-05-13,11.285714285714286
2922,2022-05-14,11.742857142857144
2923,2022-05-15,11.742857142857144
2924,2022-05-16,11.742857142857144
2925,2022-05-17,15.200000000000001
2926,2022-05-18,6.6000000000000005
2927,2022-05-19,13.714285714285714
2928,2022-05-20,12.657142857142858
2929,2022-05-21,17.885714285714283
2930,2022-05-22,17.885714285714283
2931,2022-05-23,17.885714285714283
2932,2022-05-24,16.0
2933,2022-05-25,17.571428571428573
2934,2022-05-26,24.114285714285717
2935,2022-05-27,29.542857142857144
2936,2022-05-28,40.057142857142864
2937,2022-05-29,40.057142857142864
2938,2022-05-30,40.057142857142864
2939,2022-05-31,40.057142857142864
2940,2022-06-01,40.60000000000001
2941,2022-06-02,44.82857142857143
2942,2022-06-03,35.45714285714286
2943,2022-06-04,42.800000000000004
2944,2022-06-05,42.800000000000004
2945,2022-06-06,42.800000000000004
2946,2022-06-07,45.62857142857143
2947,2022-06-08,48.11428571428571
2948,2022-06-09,47.05714285714286
2949,2022-06-10,40.00000000000001
2950,2022-06-11,25.085714285714293
2951,2022-06-12,25.085714285714293
2952,2022-06-13,25.085714285714293
2953,2022-06-14,20.528571428571432
2954,2022-06-15,29.25714285714286
2955,2022-06-16,17.700000000000003
2956,2022-06-17,16.92857142857143
2957,2022-06-18,19.728571428571428
2958,2022-06-19,19.728571428571428
2959,2022-06-20,19.728571428571428
2960,2022-06-21,19.728571428571428
2961,2022-06-22,26.885714285714283
2962,2022-06-23,26.742857142857144
2963,2022-06-24,30.85714285714286
2964,2022-06-25,30.771428571428572
2965,2022-06-26,30.771428571428572
2966,2022-06-27,30.771428571428572
2967,2022-06-28,28.142857142857142
2968,2022-06-29,26.542857142857144
2969,2022-06-30,24.371428571428574
2970,2022-07-01,24.571428571428573
2971,2022-07-02,22.171428571428574
2972,2022-07-03,22.171428571428574
2973,2022-07-04,22.171428571428574
2974,2022-07-05,22.171428571428574
2975,2022-07-06,22.828571428571426
2976,2022-07-07,27.599999999999998
2977,2022-07-08,31.342857142857145
2978,2022-07-09,30.37142857142857
2979,2022-07-10,30.37142857142857
2980,2022-07-11,30.37142857142857
2981,2022-07-12,30.314285714285713
2982,2022-07-13,27.28571428571428
2983,2022-07-14,26.514285714285716
2984,2022-07-15,33.285714285714285
2985,2022-07-16,35.885714285714286
2986,2022-07-17,35.885714285714286
2987,2022-07-18,35.885714285714286
2988,2022-07-19,39.31428571428571
2989,2022-07-20,44.08571428571429
2990,2022-07-21,48.199999999999996
2991,2022-07-22,42.42857142857143
2992,2022-07-23,42.2
2993,2022-07-24,42.2
2994,2022-07-25,42.2
2995,2022-07-26,42.0
2996,2022-07-27,46.628571428571426
2997,2022-07-28,48.48571428571429
2998,2022-07-29,52.4
2999,2022-07-30,59.08571428571429
3000,2022-07-31,59.08571428571429
3001,2022-08-01,59.08571428571429
3002,2022-08-02,57.371428571428574
3003,2022-08-03,60.25714285714286
3004,2022-08-04,61.51428571428571
3005,2022-08-05,63.314285714285724
3006,2022-08-06,64.74285714285715
3007,2022-08-07,64.74285714285715
3008,2022-08-08,64.74285714285715
3009,2022-08-09,64.45714285714286
3010,2022-08-10,65.11428571428571
3011,2022-08-11,65.82857142857144
3012,2022-08-12,68.02857142857144
3013,2022-08-13,66.82857142857144
3014,2022-08-14,66.82857142857144
3015,2022-08-15,66.82857142857144
3016,2022-08-16,67.94285714285715
3017,2022-08-17,67.14285714285715
3018,2022-08-18,66.37142857142858
3019,2022-08-19,63.714285714285715
3020,2022-08-20,60.314285714285724
3021,2022-08-21,60.314285714285724
3022,2022-08-22,60.314285714285724
3023,2022-08-23,57.42857142857144
3024,2022-08-24,57.51428571428571
3025,2022-08-25,58.25714285714287
3026,2022-08-26,55.74285714285714
3027,2022-08-27,54.285714285714285
3028,2022-08-28,54.285714285714285
3029,2022-08-29,54.285714285714285
3030,2022-08-30,49.800000000000004
3031,2022-08-31,52.08571428571429
3032,2022-09-01,49.371428571428574
3033,2022-09-02,42.457142857142856
3034,2022-09-03,40.62857142857143
3035,2022-09-04,40.62857142857143
3036,2022-09-05,40.62857142857143
3037,2022-09-06,40.62857142857143
3038,2022-09-07,39.62857142857143
3039,2022-09-08,40.371428571428574
3040,2022-09-09,43.8
3041,2022-09-10,47.6
3042,2022-09-11,47.6
3043,2022-09-12,47.6
3044,2022-09-13,36.62857142857143
3045,2022-09-14,41.885714285714286
3046,2022-09-15,40.65714285714286
3047,2022-09-16,35.285714285714285
3048,2022-09-17,36.31428571428571
3049,2022-09-18,36.31428571428571
3050,2022-09-19,36.31428571428571
3051,2022-09-20,36.114285714285714
3052,2022-09-21,27.21428571428571
3053,2022-09-22,24.48571428571429
3054,2022-09-23,21.685714285714287
3055,2022-09-24,17.62857142857143
3056,2022-09-25,17.62857142857143
3057,2022-09-26,17.62857142857143
3058,2022-09-27,16.514285714285716
3059,2022-09-28,17.02857142857143
3060,2022-09-29,13.257142857142858
3061,2022-09-30,16.45714285714286
3062,2022-10-01,20.38571428571429
3063,2022-10-02,20.38571428571429
3064,2022-10-03,20.38571428571429
3065,2022-10-04,27.88571428571429
3066,2022-10-05,29.714285714285715
3067,2022-10-06,23.142857142857142
3068,2022-10-07,19.67142857142857
3069,2022-10-08,19.4
3070,2022-10-09,19.4
3071,2022-10-10,19.4
3072,2022-10-11,16.885714285714283
3073,2022-10-12,15.942857142857145
3074,2022-10-13,19.37142857142857
3075,2022-10-14,16.45714285714286
3076,2022-10-15,23.400000000000002
3077,2022-10-16,23.400000000000002
3078,2022-10-17,23.400000000000002
3079,2022-10-18,28.800000000000004
3080,2022-10-19,29.428571428571427
3081,2022-10-20,39.08571428571429
3082,2022-10-21,43.74285714285715
3083,2022-10-22,47.22857142857142
3084,2022-10-23,47.22857142857142
3085,2022-10-24,47.22857142857142
3086,2022-10-25,51.371428571428574
3087,2022-10-26,53.800000000000004
3088,2022-10-27,54.57142857142857
3089,2022-10-28,57.114285714285714
3090,2022-10-29,64.05714285714286
3091,2022-10-30,64.05714285714286
3092,2022-10-31,64.05714285714286
3093,2022-11-01,63.51428571428572
3094,2022-11-02,55.285714285714285
3095,2022-11-03,55.51428571428572
3096,2022-11-04,56.51428571428572
3097,2022-11-05,59.65714285714286
3098,2022-11-06,59.65714285714286
3099,2022-11-07,59.65714285714286
3100,2022-11-08,57.94285714285714
3101,2022-11-09,54.0
3102,2022-11-10,60.34285714285714
3103,2022-11-11,63.74285714285713
3104,2022-11-12,62.68571428571429
3105,2022-11-13,62.68571428571429
3106,2022-11-14,62.68571428571429
3107,2022-11-15,66.91428571428573
3108,2022-11-16,65.08571428571427
3109,2022-11-17,61.48571428571429
3110,2022-11-18,60.34285714285715
3111,2022-11-19,60.97142857142857
3112,2022-11-20,60.97142857142857
3113,2022-11-21,60.97142857142857
3114,2022-11-22,60.8
3115,2022-11-23,64.25714285714285
3116,2022-11-24,63.08571428571429
3117,2022-11-25,63.08571428571429
3118,2022-11-26,59.74285714285715
3119,2022-11-27,59.74285714285715
3120,2022-11-28,59.74285714285715
3121,2022-11-29,58.17142857142857
3122,2022-11-30,73.97142857142856
3123,2022-12-01,75.60000000000001
3124,2022-12-02,68.14285714285714
3125,2022-12-03,65.08571428571429
3126,2022-12-04,65.08571428571429
3127,2022-12-05,65.08571428571429
3128,2022-12-06,61.828571428571436
3129,2022-12-07,58.42857142857143
3130,2022-12-08,55.6857142857143
3131,2022-12-09,52.08571428571428
3132,2022-12-10,57.199999999999996
3133,2022-12-11,57.199999999999996
3134,2022-12-12,57.199999999999996
3135,2022-12-13,59.17142857142858
3136,2022-12-14,60.94285714285714
3137,2022-12-15,60.142857142857146
3138,2022-12-16,44.142857142857146
3139,2022-12-17,39.971428571428575
3140,2022-12-18,39.971428571428575
3141,2022-12-19,39.971428571428575
3142,2022-12-20,38.314285714285724
3143,2022-12-21,38.542857142857144
3144,2022-12-22,37.0
3145,2022-12-23,39.51428571428572
3146,2022-12-24,39.94285714285714
3147,2022-12-25,39.94285714285714
3148,2022-12-26,39.94285714285714
3149,2022-12-27,39.94285714285714
3150,2022-12-28,35.51428571428572
3151,2022-12-29,37.142857142857146
3152,2022-12-30,36.51428571428571
3153,2022-12-31,36.6
3154,2023-01-01,36.6
3155,2023-01-02,36.6
3156,2023-01-03,36.6
3157,2023-01-04,39.857142857142854
3158,2023-01-05,44.17142857142858
3159,2023-01-06,45.714285714285715
3160,2023-01-07,47.2
3161,2023-01-08,47.2
3162,2023-01-09,47.2
3163,2023-01-10,49.65714285714286
3164,2023-01-11,54.228571428571435
3165,2023-01-12,56.68571428571429
3166,2023-01-13,61.31428571428571
3167,2023-01-14,64.14285714285714
3168,2023-01-15,64.14285714285714
3169,2023-01-16,64.14285714285714
3170,2023-01-17,64.14285714285714
3171,2023-01-18,58.42857142857143
3172,2023-01-19,55.42857142857144
3173,2023-01-20,58.542857142857144
3174,2023-01-21,63.60000000000001
3175,2023-01-22,63.60000000000001
3176,2023-01-23,63.60000000000001
3177,2023-01-24,63.0
3178,2023-01-25,63.88571428571429
3179,2023-01-26,68.02857142857144
3180,2023-01-27,69.2
3181,2023-01-28,67.45714285714287
3182,2023-01-29,67.45714285714287
3183,2023-01-30,67.45714285714287
3184,2023-01-31,70.34285714285716
3185,2023-02-01,82.17142857142858
3186,2023-02-02,75.2
3187,2023-02-03,76.14285714285714
3188,2023-02-04,75.91428571428573
3189,2023-02-05,75.91428571428573
3190,2023-02-06,75.91428571428573
3191,2023-02-07,76.34285714285714
3192,2023-02-08,74.62857142857142
3193,2023-02-09,72.62857142857143
3194,2023-02-10,72.4857142857143
3195,2023-02-11,71.82857142857144
3196,2023-02-12,71.82857142857144
3197,2023-02-13,71.82857142857144
3198,2023-02-14,73.25714285714287
3199,2023-02-15,73.65714285714284
3200,2023-02-16,70.71428571428572
3201,2023-02-17,69.48571428571428
3202,2023-02-18,65.91428571428573
3203,2023-02-19,65.91428571428573
3204,2023-02-20,65.91428571428573
3205,2023-02-21,65.91428571428573
3206,2023-02-22,64.17142857142859
3207,2023-02-23,62.65714285714285
3208,2023-02-24,60.65714285714286
3209,2023-02-25,61.22857142857144
3210,2023-02-26,61.22857142857144
3211,2023-02-27,61.22857142857144
3212,2023-02-28,61.2
3213,2023-03-01,65.91428571428573
3214,2023-03-02,52.45714285714287
3215,2023-03-03,55.6857142857143
3216,2023-03-04,55.25714285714285
3217,2023-03-05,55.25714285714285
3218,2023-03-06,55.25714285714285
3219,2023-03-07,48.51428571428571
3220,2023-03-08,49.82857142857143
3221,2023-03-09,37.542857142857144
3222,2023-03-10,26.885714285714283
3223,2023-03-11,23.357142857142858
3224,2023-03-12,23.357142857142858
3225,2023-03-13,23.357142857142858
3226,2023-03-14,25.085714285714285
3227,2023-03-15,22.685714285714287
3228,2023-03-16,32.57142857142857
3229,2023-03-17,27.000000000000004
3230,2023-03-18,30.428571428571434
3231,2023-03-19,30.428571428571434
3232,2023-03-20,30.428571428571434
3233,2023-03-21,43.48571428571429
3234,2023-03-22,41.028571428571425
3235,2023-03-23,38.34285714285715
3236,2023-03-24,37.714285714285715
3237,2023-03-25,40.199999999999996
3238,2023-03-26,40.199999999999996
3239,2023-03-27,40.199999999999996
3240,2023-03-28,39.6
3241,2023-03-29,41.457142857142856
3242,2023-03-30,45.228571428571435
3243,2023-03-31,49.48571428571429
3244,2023-04-01,55.3714285714286
3245,2023-04-02,55.3714285714286
3246,2023-04-03,55.3714285714286
3247,2023-04-04,52.3428571428571
3248,2023-04-05,54.6857142857143
3249,2023-04-06,56.6
3250,2023-04-07,58.3428571428571
3251,2023-04-08,58.3428571428571
3252,2023-04-09,58.3428571428571
3253,2023-04-10,58.3428571428571
3254,2023-04-11,61.5714285714286
3255,2023-04-12,59.8285714285714
3256,2023-04-13,67.7714285714286
3257,2023-04-14,65.9428571428572
3258,2023-04-15,66.8571428571429
3259,2023-04-16,66.8571428571429
3260,2023-04-17,66.8571428571429
3261,2023-04-18,68.4571428571429
3262,2023-04-19,67.6857142857143
3263,2023-04-20,63.5714285714286
3264,2023-04-21,63.9428571428571
3265,2023-04-22,63.2857142857143
3266,2023-04-23,63.2857142857143
3267,2023-04-24,63.2857142857143
3268,2023-04-25,54.4
3269,2023-04-26,52.0
3270,2023-04-27,57.8285714285714
3271,2023-04-28,61.0285714285714
3272,2023-04-29,57.3428571428571
3273,2023-04-30,57.3428571428571
3274,2023-05-01,57.3428571428571
3275,2023-05-02,52.2285714285714
3276,2023-05-03,56.6
3277,2023-05-04,51.8
3278,2023-05-05,59.5714285714286
3279,2023-05-06,60.3142857142857
3280,2023-05-07,60.3142857142857
3281,2023-05-08,60.3142857142857
3282,2023-05-09,58.1142857142857
3283,2023-05-10,57.9142857142857
3284,2023-05-11,56.6
3285,2023-05-12,57.5142857142857
3286,2023-05-13,58.8
3287,2023-05-14,58.8
3288,2023-05-15,58.8
3289,2023-05-16,56.3428571428572
3290,2023-05-17,61.2
3291,2023-05-18,66.8285714285714
3292,2023-05-19,68.6571428571429
3293,2023-05-20,65.0857142857143
3294,2023-05-21,65.0857142857143
3295,2023-05-22,65.0857142857143
3296,2023-05-23,65.0857142857143
3297,2023-05-24,59.0571428571429
3298,2023-05-25,62.5142857142857
3299,2023-05-26,66.6285714285714
3300,2023-05-27,66.6857142857143
3301,2023-05-28,66.6857142857143
3302,2023-05-29,66.6857142857143
3303,2023-05-30,66.6857142857143
3304,2023-05-31,62.2857142857143
3305,2023-06-01,61.7428571428571
3306,2023-06-02,61.4
3307,2023-06-03,73.1142857142857
3308,2023-06-04,73.1142857142857
3309,2023-06-05,73.1142857142857
3310,2023-06-06,75.0571428571429
3311,2023-06-07,76.2285714285714
3312,2023-06-08,77.4
3313,2023-06-09,77.5714285714286
